FTHG,FTAG,FTR,HTHG,HTAG,HTR,HS,AS,HST,AST,B365H,B365D,B365A,GBH,GBD,GBA,IWH,IWD,IWA,LBH,LBD,LBA,SOH,SOD,SOA,SBH,SBD,SBA,WHH,WHD,WHA,GB>2.5,GB<2.5,B365>2.5,B365<2.5
0,0,D,0,0,D,15,7,5,3,1.727,3.25,4.333,1.6,3.4,4.5,1.8,3.1,3.8,1.615,3.25,5.0,1.83,3.4,3.75,1.727,3.2,5.0,1.66,3.3,4.5,1.82,1.82,,
2,3,A,2,1,H,5,21,5,12,2.8,3.25,2.2,2.96,3.15,2.25,2.9,3.0,2.2,2.8,3.2,2.2,2.75,3.25,2.25,3.0,3.25,2.2,2.75,3.1,2.3,1.87,1.77,,
2,2,D,1,0,H,13,10,9,5,2.25,3.25,2.75,2.39,3.11,2.81,2.3,3.0,2.7,2.25,3.2,2.75,2.38,3.2,2.63,2.4,3.1,2.8,2.3,3.1,2.75,1.92,1.72,,
4,1,H,3,1,H,13,3,6,1,1.727,3.25,4.333,1.83,3.26,4.05,1.8,3.1,3.8,1.833,3.2,3.75,1.91,3.25,3.5,1.8,3.2,4.333,1.72,3.2,4.33,1.82,1.82,,
3,0,H,2,0,H,13,18,8,10,1.667,3.4,4.5,1.73,3.45,4.6,1.7,3.2,4.2,1.615,3.5,4.5,1.67,3.4,4.5,1.727,3.4,4.5,1.66,3.3,4.5,1.72,1.92,,
1,0,H,0,0,D,20,6,13,5,1.2,5.0,12.0,1.24,5.2,12.0,1.2,5.0,10.0,1.2,5.0,11.0,1.2,5.0,13.0,1.2,5.5,13.0,1.2,5.0,11.0,1.52,2.22,,
0,0,D,0,0,D,12,11,5,5,2.25,3.25,2.75,2.36,3.27,2.79,2.2,3.0,2.9,2.2,3.25,2.75,2.25,3.25,2.75,2.2,3.25,3.0,2.62,3.1,2.37,1.97,1.67,,
2,0,H,2,0,H,15,7,7,1,1.222,5.0,10.0,1.2,4.8,13.2,1.25,4.5,9.0,1.25,4.5,10.0,1.25,4.5,10.0,1.25,5.0,11.0,1.22,5.0,9.5,1.57,2.13,,
0,1,A,0,0,D,11,12,5,6,3.0,3.25,2.1,3.01,3.26,2.15,2.9,3.0,2.2,3.0,3.2,2.1,2.88,3.25,2.2,3.4,3.1,2.1,3.2,3.0,2.1,1.87,1.77,,
4,0,H,0,0,D,13,7,10,4,1.571,3.4,5.5,1.66,3.55,4.75,1.65,3.3,4.4,1.615,3.5,4.5,1.5,3.5,6.0,1.667,3.4,5.0,1.57,3.5,5.0,1.65,1.95,,
2,2,D,2,1,H,11,9,5,7,2.75,3.25,2.25,2.79,3.26,2.45,2.5,3.0,2.5,2.75,3.2,2.25,2.75,3.25,2.25,2.875,3.1,2.375,2.7,3.0,2.37,1.65,1.97,,
0,1,A,0,1,A,15,13,10,9,2.625,3.2,2.375,2.6,3.25,2.52,2.6,3.0,2.4,2.4,3.25,2.5,2.63,3.2,2.38,2.625,3.2,2.5,2.5,3.1,2.5,1.87,1.75,,
1,2,A,1,1,D,15,8,9,4,2.1,3.25,3.0,2.26,3.2,3.1,2.2,3.0,2.9,2.2,3.25,2.75,2.2,3.25,2.8,2.2,3.25,3.0,2.1,3.1,3.1,1.85,1.85,,
3,0,H,1,0,H,16,7,9,1,1.333,4.333,7.5,1.36,4.4,9.2,1.3,4.2,8.0,1.364,3.75,8.0,1.29,4.5,8.5,1.333,4.333,9.0,1.28,4.33,8.5,1.74,1.9,,
1,0,H,1,0,H,20,9,12,6,2.5,3.2,2.5,2.83,3.25,2.4,2.7,3.0,2.3,2.75,3.25,2.2,2.75,3.25,2.25,2.7,3.25,2.4,2.62,3.25,2.3,1.77,1.97,,
2,2,D,1,0,H,6,10,3,4,2.0,3.25,3.25,2.07,3.2,3.55,2.0,3.1,3.2,2.0,3.4,3.0,2.0,3.25,3.25,2.05,3.1,3.5,1.83,3.2,3.75,1.92,1.8,,
0,1,A,0,1,A,13,11,3,5,2.1,3.0,3.25,2.08,3.15,3.35,2.0,3.1,3.2,2.1,3.2,3.0,2.0,3.25,3.25,2.1,3.2,3.25,2.1,3.1,3.1,1.97,1.8,,
1,0,H,1,0,H,8,18,3,8,1.833,3.25,3.75,1.98,3.2,3.9,1.9,3.1,3.5,1.909,3.2,3.5,1.83,3.25,3.75,1.95,3.2,3.75,1.8,3.1,4.0,1.75,1.85,,
1,3,A,0,1,A,12,11,2,4,3.75,3.25,1.833,4.1,3.35,1.86,3.5,3.1,1.9,4.0,3.2,1.8,4.5,3.4,1.67,3.8,3.25,1.909,4.2,3.25,1.72,1.85,1.75,,
2,2,D,1,0,H,8,9,4,5,4.0,3.5,1.727,4.85,3.5,1.75,4.2,3.2,1.7,4.0,3.4,1.727,4.33,3.25,1.73,4.75,3.3,1.727,4.33,3.2,1.72,1.75,1.87,,
5,2,H,3,0,H,10,8,8,6,1.17,5.5,13.0,1.15,6.5,12.0,1.2,5.0,10.0,1.2,5.0,11.0,1.18,6.0,13.0,1.17,5.5,13.0,1.16,5.5,12.0,,,,
0,1,A,0,1,A,10,7,5,1,2.4,3.2,2.6,2.5,3.25,2.5,2.3,3.0,2.7,2.4,3.25,2.5,2.5,3.2,2.62,2.5,3.2,2.5,2.5,3.1,2.5,1.8,1.8,,
1,0,H,0,0,D,11,7,6,1,2.2,3.25,2.8,2.25,3.2,2.85,2.1,3.0,3.1,2.2,3.25,2.75,2.25,3.25,2.9,2.25,3.25,2.75,2.2,3.2,2.8,1.8,1.9,,
2,2,D,1,1,D,7,5,4,3,3.0,3.25,2.1,3.0,3.25,2.15,2.8,2.9,2.3,3.4,3.25,1.91,3.0,3.25,2.2,3.25,3.25,2.0,3.0,3.2,2.1,1.9,1.8,,
1,1,D,0,0,D,11,5,4,2,1.67,3.4,4.5,1.65,3.3,5.0,1.6,3.4,4.6,1.67,3.25,4.5,1.62,3.4,5.5,1.67,3.4,4.5,1.66,3.3,4.5,1.85,1.75,,
0,1,A,0,0,D,20,9,9,4,1.5,3.4,6.5,1.4,3.8,7.5,1.4,3.9,6.0,1.44,3.6,6.5,1.5,3.6,6.5,1.44,3.6,7.0,1.36,3.75,8.0,1.92,1.85,,
1,1,D,0,0,D,12,10,4,3,3.0,3.25,2.1,3.0,3.25,2.15,3.2,3.1,2.0,2.75,3.25,2.2,3.0,3.25,2.2,3.0,3.25,2.1,3.2,3.2,2.0,1.85,1.79,,
2,1,H,1,0,H,9,8,5,6,4.0,3.25,1.8,4.2,3.42,1.91,3.5,3.1,1.9,4.333,3.4,1.667,4.0,3.2,1.8,4.0,3.25,1.85,4.0,3.1,1.8,1.85,1.75,,
3,1,H,2,1,H,7,14,6,8,1.727,3.25,4.333,1.8,3.3,4.1,1.8,3.1,3.8,1.8,3.2,4.0,1.8,3.2,4.0,1.85,3.25,4.0,1.72,3.2,4.33,1.75,1.86,,
1,0,H,0,0,D,7,10,3,7,2.2,3.25,2.8,2.22,3.0,3.2,2.2,3.0,2.9,2.2,3.25,2.75,2.25,3.25,2.75,2.25,3.25,2.9,2.2,3.2,2.8,1.85,1.75,,
1,1,D,0,1,A,12,20,5,10,5.0,3.4,1.615,5.6,3.6,1.6,4.4,3.3,1.65,4.5,3.25,1.667,5.0,3.5,1.57,5.5,3.4,1.615,5.5,3.4,1.53,1.65,1.95,,
2,1,H,1,1,D,18,15,8,8,1.667,3.4,4.5,1.63,3.45,5.0,1.65,3.3,4.4,1.571,3.5,5.0,1.62,3.4,5.0,1.615,3.4,5.5,1.57,3.3,5.5,1.85,1.85,,
1,0,H,0,0,D,8,6,5,1,2.625,3.2,2.375,2.85,3.2,2.32,2.7,3.0,2.3,2.75,3.2,2.25,2.8,3.25,2.2,2.875,3.2,2.3,2.87,3.1,2.2,1.85,1.75,,
0,2,A,0,2,A,9,5,4,3,1.727,3.5,4.0,1.73,3.4,4.2,1.7,3.2,4.2,1.667,3.4,4.333,1.73,3.25,4.33,1.8,3.25,4.333,1.72,3.2,4.33,1.85,1.85,,
1,0,H,0,0,D,13,12,6,5,2.5,3.0,2.625,2.53,3.15,2.7,2.4,3.0,2.6,2.6,3.2,2.375,2.63,3.2,2.38,2.5,3.2,2.625,2.5,3.1,2.5,1.9,1.9,,
1,1,D,1,0,H,8,8,2,5,3.0,3.0,2.25,2.88,3.25,2.4,2.7,3.0,2.3,2.75,3.2,2.25,2.8,3.25,2.2,2.9,3.2,2.25,2.87,3.0,2.25,1.75,1.91,,
2,2,D,0,0,D,22,11,11,6,1.615,3.4,5.0,1.67,3.56,4.86,1.65,3.3,4.4,1.571,3.5,5.0,1.62,3.4,5.0,1.667,3.4,5.0,1.66,3.3,4.5,1.75,1.91,,
1,0,H,1,0,H,7,5,1,3,1.333,4.0,9.0,1.33,4.68,9.0,1.35,4.0,7.0,1.286,4.5,8.0,1.29,4.5,8.5,1.333,4.5,8.5,,,,1.72,1.95,,
2,1,H,2,1,H,13,5,5,4,1.333,4.333,7.5,1.43,4.2,8.0,1.3,4.2,8.0,1.3,4.333,8.0,1.33,4.0,8.5,1.333,4.5,8.0,1.3,4.33,8.0,1.65,2.22,,
3,0,H,2,0,H,9,8,7,6,2.1,3.0,3.25,2.11,3.05,3.45,2.0,3.0,3.3,2.0,3.0,3.4,1.91,3.0,3.75,2.1,3.1,3.4,2.0,3.0,3.4,2.05,1.68,,
2,0,H,0,0,D,12,8,5,2,1.8,3.25,4.0,1.96,3.25,4.12,1.9,3.1,3.5,1.909,3.2,3.5,1.83,3.25,3.75,1.85,3.25,4.0,1.8,3.25,3.8,1.93,1.83,,
2,3,A,2,1,H,11,14,6,9,2.5,3.2,2.5,2.61,3.0,2.7,2.5,3.0,2.5,2.5,3.2,2.5,2.5,3.2,2.5,2.5,3.1,2.7,2.37,3.1,2.62,1.9,1.73,,
3,2,H,0,2,A,13,7,8,4,2.375,3.2,2.625,2.55,3.2,2.6,2.5,3.0,2.5,2.375,3.2,2.6,2.5,3.2,2.5,2.4,3.1,2.8,2.4,3.1,2.6,2.0,1.72,,
2,2,D,1,0,H,12,6,10,3,1.25,4.5,11.0,1.27,4.6,12.0,1.25,4.5,9.0,1.333,3.75,9.0,1.25,4.5,10.0,1.286,4.6,10.0,1.28,4.5,8.0,1.7,1.97,,
0,1,A,0,0,D,23,10,14,8,1.2,5.5,10.0,1.24,5.5,12.5,1.25,4.5,9.0,1.222,5.0,10.0,1.2,5.5,11.0,1.2,5.5,12.0,1.22,5.0,9.5,1.56,2.25,,
0,2,A,0,1,A,22,14,11,6,2.1,3.25,3.0,2.13,3.2,3.19,1.9,3.1,3.5,2.2,3.2,2.8,2.0,3.25,3.25,2.2,3.2,3.1,2.0,3.2,3.2,1.77,1.95,,
1,0,H,0,0,D,11,18,7,10,2.0,3.25,3.25,1.9,3.3,3.5,2.0,3.1,3.2,2.0,3.2,3.2,2.1,3.25,3.0,2.1,3.25,3.25,2.0,3.2,3.2,1.94,1.72,,
0,1,A,0,1,A,5,6,3,5,1.571,3.4,5.5,1.6,3.45,5.5,1.6,3.4,4.6,1.615,3.5,4.5,1.53,3.4,6.0,1.571,3.4,6.0,1.61,3.3,5.0,1.77,1.9,,
2,3,A,0,1,A,7,12,5,8,4.333,3.25,1.727,4.75,3.3,1.77,3.8,3.1,1.8,5.0,3.25,1.615,4.5,3.4,1.67,4.333,3.4,1.75,4.33,3.2,1.72,1.75,1.9,,
0,3,A,0,1,A,9,10,3,8,5.0,3.4,1.615,4.75,3.4,1.73,4.2,3.2,1.7,4.5,3.25,1.667,5.0,3.4,1.62,5.0,3.4,1.667,4.5,3.3,1.66,1.73,1.9,,
3,0,H,2,0,H,7,5,5,0,1.909,3.25,3.5,2.05,3.25,3.25,1.8,3.1,3.8,2.0,3.2,3.2,2.0,3.25,3.25,2.0,3.25,3.5,2.0,3.2,3.2,1.7,1.9,,
2,1,H,1,1,D,13,10,8,5,2.3,3.2,2.7,2.25,3.25,2.85,2.3,3.0,2.7,2.25,3.2,2.75,2.2,3.25,2.8,2.3,3.2,2.875,2.37,3.1,2.62,1.95,1.75,,
1,0,H,0,0,D,8,6,2,5,2.75,3.0,2.375,2.9,3.25,2.41,2.7,3.0,2.3,2.6,3.2,2.375,2.88,3.2,2.2,2.875,3.2,2.3,2.87,3.0,2.25,1.75,1.85,,
0,3,A,0,1,A,8,5,5,4,2.1,3.25,3.0,2.21,3.25,2.95,2.2,3.0,2.9,2.25,3.2,2.75,2.2,3.25,2.8,2.2,3.25,3.0,2.2,3.2,2.8,1.92,1.75,,
1,0,H,0,0,D,11,10,7,5,2.25,3.25,2.75,2.25,3.2,2.9,2.2,3.0,2.9,2.2,3.25,2.75,2.2,3.25,2.8,2.25,3.25,2.9,2.2,3.2,2.8,1.9,1.7,,
2,2,D,0,1,A,15,12,7,8,1.909,3.25,3.5,2.05,3.2,3.3,2.1,3.0,3.1,2.0,3.2,3.2,2.0,3.25,3.25,2.05,3.2,3.4,2.0,3.2,3.2,1.67,2.0,,
3,2,H,0,0,D,12,11,3,1,1.667,3.4,4.5,1.8,3.25,4.35,1.8,3.1,3.8,1.727,3.2,4.333,1.67,3.4,4.5,1.727,3.4,4.5,1.72,3.2,4.33,1.82,1.9,,
3,0,H,1,0,H,12,8,5,1,2.5,3.0,2.625,2.55,3.17,2.81,2.5,3.0,2.5,2.375,3.0,2.75,2.38,3.2,2.63,2.4,3.2,2.7,2.5,3.1,2.5,2.01,1.72,,
2,1,H,1,0,H,14,8,9,3,1.2,5.5,10.0,1.28,5.2,11.0,1.25,4.5,9.0,1.2,5.0,11.0,1.2,5.5,10.0,1.222,5.5,11.0,1.22,5.0,9.5,1.62,2.05,,
2,0,H,0,0,D,23,5,14,2,1.25,4.5,11.0,1.32,4.75,9.5,1.3,4.2,8.0,1.286,4.333,9.0,1.29,4.5,8.5,1.3,4.5,10.0,1.33,4.0,8.0,1.77,1.95,,
1,0,H,0,0,D,16,10,9,5,1.444,3.75,6.5,1.45,3.9,6.5,1.4,3.9,6.0,1.5,3.4,6.0,1.44,3.6,7.0,1.5,3.6,6.5,1.44,3.6,6.5,1.63,2.1,,
1,0,H,1,0,H,9,12,4,3,1.667,3.4,4.5,1.72,3.3,4.55,1.75,3.2,4.0,1.667,3.25,4.5,1.73,3.25,4.33,1.727,3.4,4.5,1.66,3.3,4.5,1.9,1.7,,
2,0,H,2,0,H,11,8,6,4,1.727,3.2,4.5,1.7,3.32,4.6,1.8,3.1,3.8,1.667,3.25,4.5,1.73,3.25,4.33,1.727,3.4,4.5,1.66,3.3,4.5,1.82,1.85,,
0,0,D,0,0,D,13,6,5,5,2.0,3.25,3.25,2.1,3.25,3.45,2.1,3.0,3.1,1.909,3.25,3.4,2.0,3.25,3.25,2.1,3.25,3.25,2.0,3.2,3.2,1.95,1.7,,
0,0,D,0,0,D,9,8,5,6,2.1,3.25,3.0,2.05,3.35,3.2,2.0,3.1,3.2,2.0,3.4,3.0,2.1,3.25,3.0,2.05,3.2,3.25,2.1,3.25,2.9,1.72,1.9,,
3,2,H,1,0,H,12,14,8,7,1.833,3.25,3.75,1.85,3.2,4.0,1.85,3.1,3.6,1.8,3.2,4.0,1.91,3.25,3.5,1.909,3.2,3.8,1.9,3.1,3.6,2.02,1.75,,
1,0,H,1,0,H,11,7,7,5,2.75,3.25,2.25,2.75,3.2,2.3,2.9,3.0,2.2,2.6,3.2,2.375,2.63,3.2,2.38,2.8,3.2,2.3,2.6,3.1,2.4,1.82,1.85,,
0,0,D,0,0,D,8,11,3,4,2.625,3.0,2.5,2.65,3.15,2.47,2.7,3.0,2.3,2.75,3.2,2.25,2.75,3.25,2.25,2.75,3.25,2.375,2.5,3.1,2.5,1.7,1.92,,
0,2,A,0,1,A,11,13,5,6,2.625,3.2,2.375,2.55,3.05,2.45,2.7,3.0,2.3,2.5,3.25,2.4,2.5,3.2,2.5,2.6,3.2,2.5,2.75,3.2,2.25,1.75,1.85,,
1,1,D,0,0,D,19,10,10,6,2.0,3.25,3.25,2.05,3.29,3.45,2.0,3.1,3.2,2.2,3.2,2.8,2.0,3.25,3.25,2.0,3.25,3.5,2.0,3.2,3.2,1.95,1.65,,
1,3,A,1,0,H,7,13,3,7,4.5,3.4,1.667,4.9,3.45,1.68,4.2,3.2,1.7,4.33,3.2,1.73,4.5,3.4,1.67,5.0,3.4,1.67,4.5,3.3,1.66,1.65,1.95,,
2,3,A,1,1,D,12,16,9,11,1.571,3.4,5.5,1.58,3.5,6.0,1.6,3.4,4.6,1.5,3.4,6.0,1.53,3.4,6.0,1.571,3.4,6.0,1.57,3.3,5.5,1.7,1.9,,
2,0,H,2,0,H,15,12,9,6,2.25,3.25,2.75,2.41,3.15,2.82,2.4,3.0,2.6,2.25,3.2,2.75,2.38,3.2,2.63,2.3,3.2,2.8,2.5,3.1,2.5,1.9,1.7,,
1,4,A,0,2,A,9,7,3,6,3.0,3.25,2.1,3.15,3.22,2.31,2.9,3.0,2.2,2.8,3.2,2.2,3.0,3.25,2.1,3.0,3.25,2.2,3.2,3.2,2.0,1.75,1.92,,
0,3,A,0,1,A,14,9,6,6,2.8,3.25,2.2,3.05,3.25,2.23,2.9,3.0,2.2,3.0,3.4,2.0,2.8,3.25,2.2,3.0,3.25,2.2,3.0,3.2,2.1,1.75,1.85,,
1,0,H,0,0,D,8,12,6,5,2.375,3.0,2.75,2.38,3.15,2.8,2.3,3.0,2.7,2.38,3.2,2.6,2.38,3.2,2.63,2.38,3.1,2.88,2.4,3.1,2.6,2.18,1.6,,
0,3,A,0,1,A,12,18,4,12,1.833,3.25,3.75,1.93,3.3,3.9,1.9,3.1,3.5,1.73,3.4,4.0,1.8,3.2,4.0,1.909,3.25,3.75,1.83,3.2,3.75,1.8,1.8,,
0,2,A,0,0,D,9,10,8,5,2.6,3.2,2.4,2.47,3.27,2.6,2.5,3.0,2.5,2.6,3.2,2.38,2.5,3.2,2.5,2.6,3.2,2.5,2.6,3.1,2.4,1.9,1.87,,
2,0,H,1,0,H,13,11,2,4,1.533,3.5,5.5,1.67,3.42,4.81,1.6,3.4,4.6,1.57,3.5,5.0,1.53,3.4,6.0,1.571,3.5,5.75,1.57,3.3,5.5,1.95,1.65,,
2,1,H,1,1,D,14,5,8,3,1.4,3.75,7.5,1.48,3.85,7.25,1.45,3.8,5.4,1.4,3.75,7.0,1.44,3.5,7.0,1.364,4.0,9.0,1.36,3.75,8.0,1.8,1.8,,
2,0,H,2,0,H,19,11,13,4,2.3,3.2,2.7,2.36,3.2,2.82,2.3,3.0,2.7,2.2,3.25,2.75,2.25,3.25,2.75,2.375,3.2,2.75,2.37,3.1,2.62,1.9,1.7,,
1,2,A,1,2,A,13,10,6,4,1.727,3.25,4.333,1.73,3.35,4.5,1.65,3.3,4.4,1.67,3.4,4.33,1.73,3.25,4.33,1.667,3.4,4.75,1.72,3.25,4.2,1.75,1.85,,
3,1,H,3,0,H,9,4,5,2,1.167,5.5,13.0,1.23,5.35,13.5,1.2,5.0,10.0,1.17,5.5,12.0,1.17,5.5,13.0,1.182,6.0,12.0,1.14,6.0,12.0,1.55,2.15,,
0,0,D,0,0,D,16,6,5,3,2.6,3.2,2.4,2.58,3.15,2.63,2.5,3.0,2.5,2.75,3.0,2.38,2.75,3.25,2.25,2.7,3.2,2.4,2.6,3.1,2.4,1.9,1.7,,
1,2,A,0,1,A,12,9,7,6,2.1,3.25,3.0,2.2,3.2,3.0,2.1,3.0,3.1,2.0,3.2,3.2,2.1,3.25,3.0,2.05,3.25,3.2,2.1,3.2,3.0,1.75,1.85,,
1,0,H,1,0,H,9,14,5,7,1.667,3.4,4.5,1.76,3.3,4.4,1.8,3.1,3.8,1.73,3.2,4.33,1.67,3.4,4.5,1.7,3.4,4.75,1.72,3.2,4.33,1.85,1.75,,
1,0,H,0,0,D,12,8,8,0,1.727,3.25,4.333,1.75,3.3,4.4,1.75,3.2,4.0,1.73,3.2,4.33,1.83,3.25,3.75,1.727,3.25,4.5,1.83,3.2,3.75,1.7,1.9,,
3,0,H,0,0,D,17,8,12,4,1.3,4.5,8.0,1.29,4.75,9.5,1.25,4.5,9.0,1.29,4.33,9.0,1.25,4.5,10.0,1.286,4.5,10.0,1.28,4.5,8.0,1.57,2.15,,
5,2,H,2,1,H,21,5,11,5,2.3,3.2,2.7,2.5,3.15,2.75,2.2,3.0,2.9,2.4,3.25,2.5,2.38,3.2,2.62,2.4,3.2,2.7,2.3,3.1,2.75,1.9,1.87,,
2,1,H,1,1,D,10,9,6,3,5.5,3.5,1.533,5.25,3.5,1.64,4.4,3.3,1.65,5.0,3.5,1.57,5.5,3.25,1.62,5.5,3.4,1.615,5.5,3.3,1.57,1.8,1.9,,
1,1,D,1,0,H,12,8,6,5,4.333,3.25,1.727,4.0,3.35,1.83,3.8,3.1,1.8,4.0,3.2,1.8,4.0,3.2,1.83,4.0,3.4,1.8,3.8,3.25,1.8,1.72,2.01,,
0,1,A,0,0,D,12,13,5,6,2.75,3.0,2.375,2.91,3.17,2.42,2.6,3.1,2.3,2.6,3.2,2.38,2.62,3.0,2.5,2.75,3.2,2.375,2.87,3.1,2.2,1.75,1.98,,
0,3,A,0,0,D,11,8,8,6,2.6,3.2,2.4,2.81,3.15,2.45,2.5,3.0,2.5,2.6,3.2,2.38,2.75,3.25,2.25,2.6,3.2,2.5,2.62,3.1,2.37,1.75,1.88,,
0,1,A,0,1,A,7,7,2,1,2.0,3.25,3.25,2.15,3.25,3.25,1.9,3.1,3.5,2.1,3.2,3.0,2.2,3.2,2.88,2.1,3.2,3.25,2.2,3.1,2.87,1.95,1.82,,
1,1,D,0,0,D,18,7,7,1,2.375,3.0,2.75,2.4,3.1,2.8,2.3,3.0,2.7,2.25,3.2,2.75,2.25,3.25,2.75,2.3,3.25,2.8,2.25,3.2,2.75,2.0,1.8,,
1,0,H,1,0,H,14,9,7,5,2.8,3.2,2.25,2.96,3.3,2.25,2.5,3.0,2.5,2.6,3.2,2.38,2.75,3.25,2.25,2.8,3.2,2.3,2.75,3.2,2.25,1.93,1.7,,
3,1,H,0,0,D,6,5,3,1,1.533,3.5,5.5,1.58,3.5,5.4,1.6,3.4,4.6,1.5,3.4,6.0,1.62,3.4,5.0,1.571,3.4,6.0,1.57,3.3,5.5,1.7,1.93,,
0,1,A,0,0,D,18,13,11,7,1.727,3.25,4.333,1.85,3.36,4.25,1.85,3.1,3.6,1.8,3.2,4.0,1.8,3.25,4.0,1.8,3.25,4.333,1.8,3.1,4.0,2.1,1.7,,
0,1,A,0,0,D,6,6,2,4,1.8,3.25,4.0,1.9,3.25,4.0,1.9,3.1,3.5,1.8,3.25,3.75,1.8,3.25,4.0,1.909,3.25,3.75,1.8,3.1,4.0,1.9,1.85,,
1,2,A,1,1,D,19,3,9,2,1.3,4.5,8.0,1.39,4.2,7.3,1.45,3.8,5.4,1.29,4.5,8.0,1.36,3.75,8.5,1.333,4.5,8.0,1.28,4.5,8.0,1.65,2.11,,
0,2,A,0,1,A,9,8,4,4,2.1,3.25,3.0,2.21,3.25,3.02,2.2,3.0,2.9,2.0,3.4,3.0,2.1,3.25,3.0,2.2,3.25,2.9,2.1,3.2,3.0,1.85,1.85,,
2,0,H,1,0,H,10,7,5,5,1.4,3.75,7.5,1.39,4.15,8.1,1.4,3.9,6.0,1.4,3.75,7.0,1.4,3.6,8.0,1.333,4.2,8.5,1.33,4.0,8.0,1.7,2.0,,
2,1,H,0,0,D,9,10,5,8,1.533,3.5,5.5,1.63,3.45,5.85,1.5,3.7,5.0,1.5,3.4,6.0,1.53,3.4,6.0,1.533,3.5,6.0,1.5,3.4,6.0,1.75,2.0,,
1,1,D,0,1,A,15,9,6,3,1.3,4.5,8.0,1.33,4.8,7.1,1.3,4.2,8.0,1.25,4.5,10.0,1.29,4.33,10.0,1.3,4.5,9.0,1.3,4.33,8.0,1.7,2.1,,
2,2,D,1,1,D,16,7,7,7,2.2,3.25,2.8,2.42,3.25,2.65,2.2,3.0,2.9,2.2,3.2,2.8,2.25,3.25,2.75,2.25,3.25,2.75,2.2,3.2,2.8,1.93,1.85,,
2,1,H,1,1,D,16,6,12,5,1.533,3.5,5.5,1.62,3.5,6.0,1.55,3.5,4.8,1.53,3.5,5.5,1.44,3.6,6.5,1.533,3.5,6.0,1.5,3.4,6.0,1.75,1.95,,
4,2,H,2,2,D,13,5,8,4,2.375,3.2,2.625,2.35,3.2,2.85,2.2,3.0,2.9,2.25,3.2,2.75,2.2,3.2,2.88,2.3,3.2,2.8,2.3,3.1,2.75,2.05,1.79,,
0,1,A,0,0,D,16,10,9,5,2.0,3.25,3.25,2.08,3.3,3.31,1.85,3.1,3.6,1.91,3.25,3.4,1.91,3.4,3.4,1.909,3.4,3.4,2.1,3.2,3.0,1.8,1.87,,
1,1,D,0,1,A,14,8,7,4,2.1,3.25,3.0,2.26,3.1,3.0,2.1,3.0,3.1,2.1,3.2,3.0,2.2,3.2,2.88,2.1,3.4,3.0,2.2,3.1,2.87,2.02,1.75,,
3,1,H,0,0,D,12,11,6,7,1.909,3.25,3.5,1.96,3.25,3.6,2.1,3.0,3.1,1.91,3.25,3.4,1.91,3.25,3.5,2.0,3.2,3.5,2.0,3.2,3.2,1.9,1.7,,
2,0,H,1,0,H,13,5,9,1,1.333,4.333,7.5,1.4,4.25,8.0,1.45,3.8,5.4,1.36,3.75,8.0,1.4,3.75,7.5,1.364,4.333,7.5,1.33,4.0,8.0,1.7,1.9,,
2,1,H,1,1,D,16,12,8,5,1.333,4.333,7.5,1.36,4.25,8.0,1.3,4.2,8.0,1.33,4.0,8.0,1.29,4.5,8.5,1.333,4.333,8.5,1.33,4.0,8.0,1.65,1.95,,
1,2,A,0,0,D,5,10,4,4,2.4,3.2,2.6,2.47,3.25,2.75,2.4,3.0,2.6,2.4,3.25,2.5,2.5,3.2,2.5,2.6,3.2,2.5,2.5,3.1,2.5,1.9,1.7,,
0,0,D,0,0,D,17,11,6,4,1.727,3.25,4.333,1.91,3.3,3.9,1.8,3.1,3.8,1.73,3.2,4.33,1.67,3.4,4.5,1.727,3.25,4.5,1.66,3.3,4.5,1.85,1.75,,
1,1,D,0,1,A,19,9,12,7,1.909,3.25,3.5,2.05,3.25,3.3,2.1,3.0,3.1,1.91,3.25,3.4,2.0,3.25,3.25,2.1,3.2,3.2,2.0,3.2,3.2,1.95,1.65,,
0,1,A,0,1,A,5,6,4,3,4.5,3.4,1.667,4.2,3.3,1.81,4.0,3.3,1.7,4.0,3.4,1.73,3.75,3.25,1.83,4.5,3.25,1.727,3.75,3.3,1.8,1.7,1.9,,
0,1,A,0,0,D,18,12,5,7,1.727,3.25,4.333,1.76,3.3,4.5,1.7,3.2,4.2,1.73,3.2,4.33,1.73,3.25,4.33,1.75,3.25,4.5,1.8,3.3,3.75,1.8,1.8,,
0,0,D,0,0,D,15,14,7,4,2.3,3.2,2.7,2.45,3.25,2.6,2.5,3.0,2.5,2.2,3.25,2.75,2.5,3.2,2.5,2.5,3.2,2.6,2.37,3.1,2.62,1.75,1.85,,
2,0,H,1,0,H,18,12,13,9,2.0,3.25,3.25,1.9,3.3,3.7,1.9,3.1,3.5,1.83,3.2,3.75,2.0,3.25,3.25,2.0,3.2,3.4,1.9,3.2,3.5,1.92,1.82,,
1,0,H,1,0,H,16,3,10,2,1.5,3.5,6.0,1.55,3.78,5.65,1.55,3.5,4.8,1.44,3.6,6.5,1.5,3.5,6.0,1.5,3.6,6.5,1.44,3.6,6.5,1.66,2.1,,
3,1,H,1,0,H,9,8,7,4,2.2,3.25,2.8,2.25,3.32,3.0,2.0,3.1,3.2,2.0,3.2,3.2,2.2,3.25,2.8,2.2,3.25,3.0,2.1,3.1,3.1,2.05,1.67,,
1,1,D,0,1,A,15,5,8,1,2.0,3.25,3.25,1.96,3.4,3.66,1.9,3.1,3.5,2.1,3.0,3.2,2.0,3.25,3.25,2.0,3.2,3.5,1.9,3.2,3.5,1.98,1.73,,
3,0,H,3,0,H,16,7,10,2,1.444,3.75,6.5,1.45,3.95,7.5,1.45,3.8,5.4,1.4,3.75,7.0,1.4,3.75,7.5,1.4,4.0,7.5,1.44,3.6,6.5,1.73,1.95,,
1,0,H,1,0,H,11,5,2,1,1.667,3.4,4.5,1.74,3.42,4.47,1.8,3.1,3.8,1.57,3.5,5.0,1.57,3.4,5.5,1.667,3.4,4.75,1.66,3.3,4.5,1.9,1.78,,
3,1,H,2,1,H,11,9,6,6,3.5,3.25,1.909,4.23,3.55,1.92,3.6,3.1,1.85,3.75,3.2,1.83,3.75,3.25,1.83,4.2,3.25,1.8,3.75,3.2,1.83,1.8,2.06,,
1,0,H,0,0,D,11,13,3,7,3.25,3.25,2.0,3.3,3.26,2.23,2.9,3.0,2.2,3.4,3.0,2.0,3.0,3.25,2.1,3.2,3.25,2.1,3.0,3.2,2.1,1.9,1.8,,
1,1,D,1,0,H,21,11,12,3,2.25,3.25,2.75,2.38,3.3,2.9,2.3,3.0,2.7,2.25,3.2,2.75,2.25,3.25,2.75,2.375,3.25,2.75,2.3,3.1,2.7,2.0,1.76,,
2,0,H,0,0,D,13,9,5,3,2.7,3.2,2.3,2.67,3.34,2.54,2.4,3.0,2.6,2.8,3.2,2.2,2.62,3.2,2.38,2.75,3.25,2.375,2.8,3.1,2.25,1.9,1.78,,
3,4,A,1,4,A,19,12,9,8,2.375,3.2,2.625,2.6,3.34,2.64,2.3,3.0,2.7,2.4,3.25,2.5,2.5,3.2,2.5,2.5,3.25,2.6,2.5,3.1,2.5,1.9,1.84,,
3,0,H,1,0,H,17,6,12,5,1.533,3.5,5.5,1.55,3.6,6.25,1.6,3.4,4.6,1.57,3.5,5.0,1.53,3.5,5.5,1.533,3.6,6.0,1.53,3.25,6.0,1.65,1.95,1.72,2.0
1,0,H,0,0,D,13,7,5,4,1.727,3.2,4.5,1.77,3.35,4.6,1.7,3.2,4.2,1.62,3.5,4.5,1.67,3.4,4.5,1.7,3.4,4.75,1.72,3.25,4.2,1.8,1.8,1.8,1.9
0,1,A,0,0,D,15,13,4,4,1.667,3.4,4.5,1.75,3.45,4.5,1.8,3.1,3.8,1.73,3.2,4.33,1.62,3.4,5.0,1.7,3.4,4.75,1.61,3.3,5.0,1.8,1.85,1.83,1.83
2,1,H,1,1,D,18,8,13,3,1.615,3.4,5.0,1.66,3.5,5.2,1.55,3.5,4.8,1.62,3.25,5.0,1.67,3.4,4.5,1.571,3.4,6.0,1.57,3.5,5.0,1.75,1.85,1.72,2.0
0,0,D,0,0,D,10,8,5,5,2.625,3.0,2.5,2.55,3.2,2.5,2.7,3.0,2.3,2.75,3.0,2.38,2.6,3.0,2.5,2.625,3.2,2.5,2.62,2.9,2.5,1.95,1.65,2.2,1.61
0,0,D,0,0,D,11,4,6,1,2.3,3.2,2.7,2.3,3.3,2.75,2.2,3.0,2.9,2.2,3.25,2.75,2.38,3.2,2.63,2.375,3.2,2.75,2.25,3.1,2.8,1.8,1.8,2.0,1.72
0,1,A,0,1,A,16,9,6,6,2.1,3.25,3.0,2.2,3.3,3.1,1.9,3.1,3.5,2.1,3.2,3.0,2.1,3.25,3.0,2.1,3.25,3.2,2.1,3.2,3.0,1.75,1.85,1.9,1.8
2,4,A,1,1,D,12,14,3,7,1.5,3.5,6.0,1.5,3.75,6.75,1.5,3.7,5.0,1.57,3.5,5.0,1.57,3.4,5.5,1.533,3.6,6.0,1.57,3.3,5.5,1.75,1.85,1.83,1.83
0,0,D,0,0,D,27,0,12,0,1.364,4.0,7.5,1.44,4.0,7.75,1.4,3.9,6.0,1.33,4.0,8.0,1.4,3.75,7.5,1.364,4.0,9.0,1.33,4.0,8.0,1.8,1.8,1.9,1.8
1,1,D,0,1,A,3,11,1,4,4.0,3.25,1.8,4.5,3.4,1.7,3.8,3.1,1.8,4.33,3.4,1.67,4.33,3.25,1.73,4.5,3.4,1.727,4.33,3.2,1.72,1.6,1.9,1.8,1.9
4,1,H,1,0,H,23,15,11,8,1.8,3.25,4.0,1.96,3.33,3.79,1.9,3.1,3.5,1.8,3.2,4.0,1.83,3.25,3.75,1.85,3.25,3.75,1.83,3.2,3.75,1.9,1.8,2.1,1.66
1,1,D,0,0,D,15,15,8,11,3.5,3.25,1.909,3.51,3.25,2.02,2.9,3.0,2.2,3.75,3.2,1.83,3.5,3.25,1.91,3.5,3.25,1.909,3.4,3.25,1.9,1.8,1.8,1.9,1.8
1,0,H,1,0,H,17,13,9,8,1.444,3.6,7.0,1.6,3.53,5.7,1.6,3.4,4.6,1.5,3.4,6.0,1.5,3.5,6.0,1.5,3.5,6.0,1.44,3.5,7.0,1.89,1.75,2.0,1.72
3,2,H,2,0,H,11,14,10,11,3.75,3.25,1.833,3.4,3.3,2.0,3.5,3.1,1.9,3.75,3.2,1.83,3.5,3.25,1.91,3.5,3.25,1.909,3.5,3.2,1.9,1.95,1.7,1.9,1.8
5,3,H,3,1,H,11,10,9,7,1.615,3.4,5.0,1.67,3.53,5.4,1.6,3.4,4.6,1.62,3.25,5.0,1.62,3.4,5.0,1.615,3.4,5.0,1.66,3.3,4.5,1.67,2.0,1.72,2.0
3,1,H,0,0,D,18,9,7,5,1.727,3.25,4.333,1.83,3.37,3.95,1.8,3.1,3.8,1.67,3.4,4.33,1.73,3.4,4.0,1.75,3.4,4.0,1.72,3.4,4.0,1.9,1.92,2.0,1.72
3,2,H,1,1,D,8,7,3,2,4.333,3.25,1.727,4.25,3.43,1.83,3.8,3.1,1.8,4.33,3.4,1.67,4.5,3.4,1.67,4.5,3.25,1.7,4.5,3.3,1.66,1.75,1.9,1.8,1.9
0,1,A,0,0,D,7,11,2,9,1.909,3.25,3.5,1.9,3.3,3.7,1.85,3.1,3.6,1.83,3.2,3.75,1.91,3.25,3.5,1.909,3.25,3.5,1.9,3.2,3.5,2.05,1.7,2.2,1.61
3,1,H,0,0,D,13,12,9,7,2.4,3.2,2.6,2.45,3.3,2.6,2.3,3.0,2.7,2.4,3.25,2.5,2.38,3.2,2.63,2.4,3.2,2.6,2.37,3.1,2.62,1.9,1.7,2.0,1.72
2,0,H,2,0,H,11,8,6,4,2.1,3.25,3.0,2.12,3.41,3.1,2.2,3.0,2.9,2.0,3.2,3.2,2.1,3.25,3.0,2.1,3.25,3.0,2.0,3.2,3.2,1.75,1.85,1.83,1.83
3,1,H,1,0,H,13,12,7,5,1.333,4.0,9.0,1.35,4.32,8.0,1.4,3.9,6.0,1.4,3.75,7.0,1.36,3.75,8.5,1.364,3.75,8.5,1.28,4.5,8.0,1.76,1.95,1.8,1.9
1,1,D,0,0,D,13,7,6,3,2.6,3.2,2.4,2.7,3.38,2.44,2.5,3.0,2.5,2.6,3.2,2.38,2.63,3.2,2.38,2.6,3.2,2.4,2.6,3.1,2.4,1.92,1.76,2.0,1.72
2,1,H,1,0,H,8,9,4,7,2.0,3.25,3.25,2.0,3.28,3.44,2.0,3.1,3.2,1.91,3.2,3.5,2.0,3.25,3.25,2.0,3.25,3.25,2.0,3.2,3.2,1.88,1.86,1.9,1.8
3,0,H,0,0,D,15,1,11,0,1.4,3.75,7.5,1.44,4.03,8.0,1.45,3.6,5.8,1.4,3.75,7.0,1.36,4.0,7.5,1.4,3.75,7.5,1.4,3.6,7.5,1.88,1.81,1.83,1.83
2,0,H,1,0,H,13,3,10,3,1.8,3.25,4.0,1.88,3.35,3.92,1.9,3.1,3.5,1.73,3.5,3.75,1.8,3.4,3.75,1.8,3.25,4.0,1.8,3.3,3.75,1.89,1.86,1.83,1.83
1,0,H,0,0,D,16,11,8,2,2.7,3.2,2.3,3.0,3.33,2.35,2.7,3.0,2.3,3.0,3.2,2.1,2.88,3.2,2.2,2.8,3.2,2.25,3.0,3.0,2.2,2.0,1.7,2.1,1.66
1,2,A,1,0,H,18,14,6,10,1.8,3.25,4.0,1.75,3.31,4.5,1.75,3.2,4.0,1.8,3.25,3.75,1.73,3.25,4.33,1.727,3.25,4.333,1.9,3.25,3.4,1.8,1.8,1.9,1.8
1,2,A,0,0,D,13,5,7,4,2.3,3.2,2.7,2.3,3.27,2.8,2.1,3.0,3.1,2.38,3.2,2.6,2.3,3.2,2.75,2.3,3.2,2.75,2.25,3.1,2.8,1.75,1.85,1.72,2.0
2,1,H,0,1,A,24,7,15,5,1.909,3.25,3.5,1.96,3.27,3.75,1.8,3.1,3.8,2.1,3.2,3.0,1.8,3.4,3.75,1.833,3.3,3.75,1.9,3.25,3.4,1.8,1.8,1.8,1.9
0,1,A,0,0,D,14,9,7,3,2.25,3.25,2.75,2.2,3.25,3.11,,,,2.2,3.25,2.75,2.2,3.2,2.88,2.2,3.2,2.875,2.25,3.2,2.75,1.85,1.75,2.0,1.72
0,1,A,0,0,D,12,11,4,5,2.375,3.2,2.625,2.35,3.35,2.75,2.2,3.0,2.9,2.25,3.2,2.75,2.3,3.2,2.75,2.3,3.2,2.75,2.3,3.2,2.62,1.8,1.8,1.9,1.8
1,1,D,1,0,H,18,13,7,7,2.6,3.2,2.4,2.52,3.25,2.52,2.4,3.0,2.6,2.75,3.2,2.25,2.5,3.2,2.5,2.5,3.2,2.5,2.5,3.1,2.5,1.85,1.75,1.83,1.83
2,0,H,1,0,H,14,17,11,7,3.5,3.25,1.909,4.0,3.4,1.85,3.6,3.1,1.85,3.2,3.2,2.0,3.6,3.2,1.91,3.6,3.2,1.909,3.75,3.2,1.83,1.75,1.85,1.9,1.8
1,3,A,1,2,A,14,13,6,10,2.5,3.2,2.5,2.55,3.35,2.6,2.4,3.0,2.6,2.38,3.2,2.6,2.4,3.2,2.6,2.5,3.2,2.5,2.37,3.1,2.62,1.85,1.75,1.83,1.83
1,0,H,1,0,H,10,6,3,4,2.1,3.25,3.0,2.18,3.28,2.95,2.1,3.0,3.1,1.91,3.25,3.4,2.1,3.25,3.0,2.1,3.25,3.0,2.0,3.3,3.1,1.8,1.8,1.9,1.8
2,0,H,1,0,H,8,12,6,5,2.25,3.25,2.75,2.36,3.32,2.82,2.2,3.0,2.9,2.2,3.25,2.75,2.25,3.25,2.75,2.375,3.2,2.75,2.25,3.2,2.75,1.79,1.9,1.72,2.0
2,2,D,0,0,D,12,14,5,8,1.615,3.4,5.0,1.65,3.4,5.0,1.7,3.2,4.2,1.57,3.25,5.5,1.67,3.2,5.0,1.667,3.2,5.0,1.61,3.3,5.0,1.85,1.75,1.9,1.8
2,0,H,0,0,D,13,6,8,2,1.727,3.5,4.0,1.8,3.3,4.05,1.8,3.1,3.8,1.73,3.4,4.0,1.8,3.25,4.0,1.75,3.25,4.2,1.83,3.2,3.75,1.85,1.75,2.1,1.66
3,1,H,2,0,H,10,13,6,7,1.444,3.6,7.0,1.48,3.7,6.6,1.5,3.7,5.0,1.44,3.6,6.5,1.44,3.6,7.0,1.444,3.6,7.0,1.4,3.6,7.5,1.75,1.85,1.9,1.8
0,3,A,0,1,A,8,11,6,7,2.3,3.2,2.7,2.3,3.19,2.85,2.2,3.0,2.9,2.5,3.2,2.5,2.25,3.25,2.75,2.3,3.2,2.75,2.25,3.2,2.75,1.9,1.71,2.1,1.66
2,1,H,1,1,D,23,13,12,3,1.8,3.25,4.0,1.68,3.3,4.82,1.7,3.2,4.2,1.57,3.25,5.5,1.67,3.2,5.0,1.667,3.2,5.0,1.66,3.3,4.5,1.95,1.7,2.1,1.66
2,2,D,0,0,D,12,14,5,9,2.1,3.25,3.0,2.2,3.25,3.15,2.1,3.0,3.1,2.0,3.4,3.0,2.1,3.25,3.0,2.1,3.25,3.0,2.1,3.3,2.87,1.8,1.8,1.9,1.8
2,1,H,2,1,H,12,17,7,9,1.833,3.25,3.75,1.95,3.25,3.5,2.1,3.0,3.1,1.83,3.2,3.75,2.0,3.25,3.25,2.0,3.25,3.25,1.9,3.2,3.5,1.9,1.7,1.83,1.83
3,0,H,2,0,H,14,10,10,3,1.286,4.5,9.0,1.32,5.0,12.0,1.3,4.2,8.0,1.22,5.0,10.0,1.25,5.0,8.5,1.286,4.5,9.0,1.25,5.0,8.0,1.6,2.07,1.66,2.1
1,1,D,1,1,D,9,16,6,11,2.625,3.2,2.375,2.55,3.35,2.52,2.5,3.0,2.5,2.75,3.2,2.25,2.63,3.2,2.38,2.7,3.1,2.375,2.5,3.1,2.5,1.85,1.75,1.9,1.8
1,1,D,0,0,D,16,17,9,11,2.3,3.2,2.7,2.35,3.25,2.7,2.1,3.0,3.1,2.2,3.25,2.75,2.25,3.25,2.75,2.375,3.2,2.625,2.3,3.1,2.75,1.8,1.8,1.8,1.9
0,1,A,0,1,A,7,2,0,1,1.8,3.25,4.0,1.82,3.3,3.95,1.8,3.1,3.8,1.67,3.4,4.33,1.8,3.25,4.0,1.8,3.25,4.0,1.72,3.4,4.0,1.85,1.75,2.0,1.72
2,1,H,1,0,H,7,11,3,4,4.333,3.25,1.727,4.5,3.4,1.71,4.0,3.2,1.75,4.5,3.25,1.67,4.33,3.25,1.73,4.333,3.25,1.727,4.2,3.25,1.72,1.8,1.8,2.0,1.72
1,1,D,1,1,D,14,6,10,4,3.0,3.1,2.2,3.2,3.1,2.15,2.9,3.0,2.2,3.4,3.25,1.91,2.88,3.2,2.2,3.1,3.1,2.1,3.0,3.0,2.2,1.8,1.8,1.72,2.0
0,3,A,0,2,A,17,9,9,7,2.4,3.2,2.6,2.5,3.3,2.5,2.4,2.9,2.7,2.5,3.2,2.5,2.5,3.2,2.5,2.5,3.2,2.5,2.25,3.2,2.75,1.8,1.8,1.9,1.8
2,0,H,1,0,H,26,3,14,1,1.4,3.75,7.5,1.4,4.25,7.25,1.35,4.0,7.0,1.4,3.75,7.0,1.4,3.75,7.5,1.4,3.75,7.5,1.36,3.75,8.0,1.7,1.9,1.72,2.0
1,1,D,0,1,A,8,8,5,5,2.2,3.25,2.8,2.22,3.2,3.04,2.2,3.0,2.9,2.2,3.25,2.75,2.2,3.2,2.88,2.2,3.2,2.875,2.1,3.2,3.0,1.95,1.65,2.1,1.66
2,0,H,1,0,H,16,12,8,4,1.5,3.5,6.0,1.55,4.01,6.25,1.55,3.5,4.8,1.5,3.4,6.0,1.5,3.5,6.0,1.5,3.4,6.5,1.5,3.4,6.0,1.8,1.83,1.8,1.9
1,1,D,0,0,D,19,10,11,4,1.909,3.25,3.5,1.95,3.35,3.68,1.85,3.2,3.5,1.91,3.4,3.25,2.0,3.25,3.25,1.909,3.25,3.5,1.83,3.4,3.5,1.85,1.78,1.9,1.8
2,0,H,1,0,H,19,6,14,0,1.533,3.5,5.5,1.6,3.8,5.9,1.6,3.4,4.6,1.44,3.75,6.0,1.53,3.4,6.0,1.533,3.4,6.0,1.53,3.4,5.5,1.8,1.84,1.72,2.0
2,2,D,2,0,H,9,11,5,7,2.375,2.875,2.875,2.31,3.15,3.0,2.2,3.0,2.9,2.25,3.2,2.75,2.25,3.0,3.0,2.25,3.0,3.0,2.2,3.0,3.0,1.95,1.65,2.2,1.61
1,1,D,1,0,H,13,6,6,3,1.833,3.25,3.75,1.86,3.4,4.0,1.85,3.2,3.5,1.67,3.4,4.33,1.91,3.25,3.5,1.833,3.25,3.75,1.83,3.2,3.75,1.92,1.73,1.83,1.83
1,0,H,1,0,H,9,12,3,6,4.0,3.5,1.727,4.0,3.4,1.81,3.8,3.1,1.8,4.0,3.4,1.73,4.33,3.25,1.73,4.0,3.25,1.8,4.5,3.3,1.66,1.7,1.9,1.8,1.9
0,0,D,0,0,D,14,5,8,2,1.833,3.25,3.75,1.8,3.35,4.1,1.8,3.1,3.8,1.91,3.25,3.4,1.91,3.25,3.5,1.909,3.2,3.75,1.8,3.25,3.8,1.8,1.8,1.9,1.8
2,3,A,1,1,D,19,9,18,9,2.25,3.25,2.75,2.33,3.2,2.79,2.2,3.0,2.9,2.2,3.25,2.75,2.25,3.25,2.75,2.25,3.25,2.75,2.2,3.2,2.8,1.7,1.9,1.83,1.83
1,1,D,1,1,D,6,8,3,5,2.5,3.2,2.5,2.5,3.15,2.58,2.5,3.0,2.5,2.5,3.25,2.4,2.5,3.2,2.5,2.5,3.2,2.5,2.5,3.1,2.5,1.9,1.7,2.0,1.72
4,3,H,3,1,H,11,14,7,8,3.0,3.25,2.1,3.1,3.25,2.1,3.1,3.0,2.1,3.4,3.5,1.83,3.0,3.25,2.1,3.0,3.25,2.1,3.0,3.2,2.1,1.8,1.8,1.83,1.83
0,0,D,0,0,D,11,10,4,6,1.5,3.5,6.0,1.45,3.65,6.9,1.5,3.7,5.0,1.57,3.25,5.5,1.44,3.6,7.0,1.444,3.6,7.0,1.44,3.6,6.5,1.8,1.8,1.72,2.0
1,1,D,1,0,H,12,10,6,5,1.615,3.6,4.5,1.62,3.45,5.0,1.6,3.4,4.6,1.67,3.25,4.5,1.67,3.4,4.5,1.615,3.4,5.0,1.61,3.3,5.0,1.8,1.8,1.9,1.8
3,1,H,1,1,D,13,11,10,5,1.909,3.25,3.5,2.05,3.25,3.25,2.0,3.1,3.2,2.0,3.4,3.0,2.0,3.25,3.25,2.0,3.25,3.25,2.0,3.2,3.2,1.8,1.8,2.0,1.72
3,1,H,1,0,H,13,14,5,6,4.0,3.25,1.8,4.0,3.4,1.77,3.6,3.1,1.85,3.4,3.25,1.91,4.0,3.4,1.73,3.75,3.3,1.833,3.75,3.2,1.83,1.7,1.9,1.8,1.9
1,2,A,1,0,H,18,11,6,4,2.4,3.2,2.6,2.55,3.2,2.5,2.5,3.0,2.5,2.5,3.25,2.4,2.5,3.2,2.5,2.5,3.2,2.5,2.5,3.1,2.5,1.9,1.7,2.1,1.66
2,2,D,0,1,A,20,10,12,7,1.667,3.4,4.5,1.66,3.45,4.6,1.8,3.1,3.8,1.67,3.4,4.33,1.67,3.4,4.5,1.667,3.4,4.5,1.66,3.3,4.5,1.8,1.8,1.83,1.83
1,2,A,1,0,H,6,11,2,4,5.5,3.5,1.533,6.0,3.7,1.5,4.6,3.4,1.6,5.0,3.5,1.57,5.5,3.5,1.53,5.5,3.6,1.533,5.0,3.5,1.57,1.7,1.9,1.72,2.0
1,1,D,0,0,D,11,11,5,5,2.25,3.25,2.75,2.15,3.3,3.0,2.1,3.0,3.1,2.1,3.4,2.8,2.1,3.25,3.0,2.1,3.25,3.0,2.25,3.2,2.75,1.9,1.7,2.0,1.72
1,0,H,1,0,H,11,12,9,4,2.25,3.25,2.75,2.35,3.2,2.87,2.2,3.0,2.9,2.0,3.4,3.0,2.1,3.25,3.0,2.1,3.25,3.0,2.37,3.1,2.62,1.93,1.75,2.1,1.66
2,2,D,1,1,D,11,7,3,1,1.615,3.4,5.0,1.7,3.45,4.85,1.65,3.3,4.4,1.62,3.5,4.5,1.62,3.4,5.0,1.615,3.4,5.0,1.61,3.3,5.0,1.88,1.78,1.83,1.83
1,0,H,1,0,H,8,18,5,8,1.667,3.5,4.333,1.69,3.45,4.6,1.65,3.3,4.4,1.62,3.5,4.5,1.67,3.4,4.5,1.667,3.4,4.5,1.66,3.3,4.5,1.85,1.85,2.0,1.72
0,0,D,0,0,D,15,3,9,1,1.533,3.5,5.5,1.62,3.55,5.7,1.65,3.3,4.4,1.5,3.4,6.0,1.53,3.4,6.0,1.533,3.4,6.0,1.57,3.3,5.5,1.85,1.85,1.8,1.9
0,1,A,0,0,D,15,13,7,8,2.25,3.4,2.625,2.2,3.25,2.96,2.3,3.0,2.7,2.2,3.25,2.75,2.25,3.2,2.8,2.25,3.2,2.8,2.2,3.2,2.8,1.9,1.8,2.0,1.72
2,0,H,2,0,H,6,17,4,4,2.625,3.2,2.375,2.7,3.35,2.33,2.7,3.0,2.3,2.75,3.2,2.25,2.7,3.2,2.3,2.7,3.2,2.3,2.75,3.2,2.25,1.93,1.75,1.9,1.8
2,0,H,1,0,H,22,7,10,2,1.25,5.0,9.0,1.26,5.0,9.51,1.25,4.5,9.0,1.2,5.0,11.0,1.22,5.0,10.0,1.222,5.0,10.0,1.25,5.0,8.0,1.65,2.2,1.72,2.0
2,1,H,0,0,D,18,4,6,1,1.667,3.5,4.333,1.73,3.45,4.6,1.7,3.2,4.2,1.57,3.5,5.0,1.67,3.4,4.5,1.667,3.4,4.5,1.66,3.3,4.5,1.95,1.75,2.0,1.72
1,1,D,0,0,D,13,9,6,2,1.727,3.25,4.333,1.85,3.35,4.0,1.8,3.1,3.8,1.8,3.25,3.75,1.73,3.25,4.33,1.727,3.25,4.333,1.83,3.2,3.75,1.85,1.85,1.83,1.83
2,1,H,1,0,H,14,9,10,6,1.8,3.4,3.75,1.85,3.35,4.05,1.8,3.1,3.8,1.8,3.2,4.0,1.67,3.4,4.33,1.8,3.25,4.0,1.72,3.25,4.2,1.8,1.9,1.72,2.0
3,2,H,1,0,H,7,8,7,7,1.8,3.25,4.0,1.85,3.25,4.2,1.8,3.1,3.8,1.8,3.25,3.75,1.73,3.25,4.33,1.75,3.25,4.2,1.72,3.25,4.2,1.8,1.8,1.9,1.8
2,0,H,1,0,H,12,9,7,4,1.727,3.25,4.333,1.81,3.3,4.5,1.7,3.2,4.2,1.67,3.25,4.5,1.73,3.25,4.33,1.727,3.25,4.333,1.72,3.25,4.2,1.8,1.8,1.9,1.8
1,0,H,0,0,D,17,7,10,3,1.909,3.25,3.5,2.0,3.25,3.6,1.9,3.1,3.5,1.8,3.25,3.75,1.83,3.25,3.75,1.909,3.25,3.5,1.83,3.3,3.6,1.85,1.75,2.0,1.72
2,2,D,1,1,D,12,9,5,2,1.8,3.25,4.0,2.0,3.25,3.6,2.0,3.1,3.2,1.8,3.4,3.6,1.83,3.25,3.75,1.85,3.25,3.75,1.9,3.25,3.4,1.8,1.8,1.83,1.83
2,0,H,1,0,H,12,9,6,5,1.615,3.4,5.0,1.66,3.5,5.1,1.65,3.3,4.4,1.53,3.5,5.5,1.57,3.4,5.5,1.571,3.4,5.5,1.57,3.5,5.0,1.8,1.8,1.9,1.8
2,1,H,0,1,A,31,4,18,1,1.2,5.5,10.0,1.21,5.2,12.5,1.2,5.0,10.0,1.17,5.5,12.0,1.2,5.5,10.0,1.2,5.5,10.0,1.2,5.5,9.0,1.65,1.95,1.66,2.1
1,0,H,1,0,H,8,5,5,4,2.3,3.2,2.7,2.35,3.25,2.8,2.3,3.0,2.7,2.2,3.25,2.75,2.25,3.25,2.75,2.3,3.3,2.625,2.3,3.1,2.75,1.7,1.9,1.83,1.83
1,0,H,0,0,D,12,11,6,7,2.2,3.25,3.25,2.3,3.25,2.91,2.2,3.0,2.9,2.0,3.4,3.0,2.0,3.25,3.25,2.1,3.25,3.0,2.1,3.2,3.0,1.9,1.7,1.9,1.8
0,0,D,0,0,D,17,13,5,8,2.25,3.25,2.75,2.2,3.2,2.95,2.2,3.0,2.9,2.25,3.2,2.75,2.25,3.25,2.75,2.3,3.2,2.7,2.3,3.1,2.75,1.9,1.7,1.9,1.8
4,1,H,3,1,H,15,6,7,5,1.571,3.4,5.5,1.55,3.6,5.5,1.65,3.3,4.4,1.57,3.25,5.5,1.53,3.4,6.0,1.533,3.4,6.0,1.53,3.4,5.5,1.8,1.8,1.83,1.83
1,1,D,1,0,H,19,8,11,3,1.533,3.5,5.5,1.55,3.6,5.5,1.5,3.5,5.4,1.44,3.6,6.5,1.57,3.5,5.0,1.533,3.4,6.0,1.57,3.3,5.5,1.85,1.75,2.0,1.72
2,1,H,1,0,H,11,4,5,3,2.25,3.25,2.75,2.4,3.2,2.7,2.2,3.1,2.8,2.4,3.25,2.5,2.38,3.2,2.63,2.375,3.2,2.625,2.25,3.2,2.75,1.75,1.85,1.8,1.9
2,2,D,0,1,A,12,17,4,8,2.1,3.25,3.0,2.0,3.2,3.45,1.9,3.1,3.5,1.91,3.25,3.4,2.0,3.25,3.25,2.0,3.25,3.25,2.0,3.2,3.2,1.8,1.8,2.0,1.72
0,0,D,0,0,D,9,12,4,4,2.5,3.2,2.5,2.55,3.2,2.5,2.6,3.0,2.4,2.6,3.2,2.38,2.5,3.2,2.5,2.5,3.2,2.5,2.75,3.1,2.3,1.9,1.7,2.1,1.66
1,3,A,1,2,A,9,9,3,4,5.5,3.5,1.533,5.5,3.6,1.55,4.6,3.4,1.6,6.0,3.4,1.5,6.0,3.5,1.5,6.0,3.4,1.533,5.5,3.4,1.53,1.65,1.95,1.83,1.83
2,2,D,2,1,H,13,12,8,7,2.7,3.2,2.3,2.62,3.25,2.4,2.5,3.0,2.5,2.5,3.25,2.4,2.63,3.2,2.38,2.625,3.2,2.375,2.62,3.1,2.37,1.8,1.8,1.8,1.9
0,4,A,0,2,A,10,12,4,9,5.0,3.4,1.615,5.0,3.55,1.6,4.4,3.3,1.65,5.0,3.5,1.57,5.0,3.5,1.57,5.5,3.4,1.571,5.0,3.5,1.57,1.75,1.85,1.8,1.9
4,3,H,1,1,D,18,13,12,10,1.909,3.25,3.5,1.9,3.35,3.6,1.9,3.1,3.5,2.0,3.2,3.2,2.0,3.25,3.25,2.0,3.25,3.25,2.0,3.1,3.3,1.8,1.8,1.8,1.9
0,1,A,0,0,D,11,10,5,6,2.2,3.25,2.8,2.25,3.25,2.9,2.1,3.0,3.1,2.1,3.2,3.0,2.2,3.2,2.88,2.2,3.2,2.875,2.2,3.1,2.87,1.9,1.7,2.0,1.72
1,1,D,1,0,H,14,15,10,7,1.615,3.4,5.0,1.65,3.45,4.85,1.6,3.4,4.6,1.62,3.25,5.0,1.62,3.4,5.0,1.615,3.4,5.0,1.61,3.3,5.0,1.95,1.65,2.1,1.66
1,1,D,0,0,D,10,10,5,5,1.727,3.5,4.0,1.8,3.25,4.2,1.85,3.1,3.6,1.62,3.25,5.0,1.8,3.25,4.0,1.8,3.25,4.0,1.72,3.2,4.33,1.9,1.7,2.0,1.72
2,1,H,0,1,A,15,7,9,5,1.615,3.4,5.0,1.7,3.4,4.6,1.7,3.2,4.2,1.62,3.25,5.0,1.62,3.4,5.0,1.615,3.4,5.0,1.61,3.3,5.0,1.85,1.75,2.0,1.72
0,0,D,0,0,D,10,8,4,1,1.533,3.5,5.5,1.5,3.7,6.0,1.45,3.6,5.8,1.44,3.6,6.5,1.5,3.5,6.0,1.5,3.5,6.0,1.44,3.75,6.0,1.9,1.7,2.0,1.72
2,1,H,1,1,D,10,10,8,5,1.727,3.25,4.333,1.75,3.4,4.33,1.8,3.1,3.8,1.73,3.4,4.0,1.73,3.25,4.33,1.727,3.25,4.333,1.72,3.1,4.5,1.7,1.9,1.66,2.1
2,0,H,1,0,H,13,6,10,2,1.727,3.5,4.0,1.7,3.4,4.6,1.8,3.1,3.8,1.57,3.5,5.0,1.62,3.4,5.0,1.667,3.4,4.5,1.66,3.4,4.33,1.7,1.9,1.72,2.0
0,1,A,0,1,A,8,17,4,7,2.4,3.2,2.6,2.5,3.2,2.6,2.5,3.0,2.5,2.25,3.2,2.75,2.38,3.2,2.63,2.5,3.2,2.5,2.3,3.1,2.75,1.9,1.7,1.9,1.8
3,1,H,1,1,D,24,5,13,2,1.286,5.0,7.5,1.3,4.5,9.0,1.35,4.0,7.0,1.29,4.5,8.0,1.29,4.5,8.5,1.286,4.5,8.5,1.28,4.5,8.0,1.65,1.95,1.66,2.1
1,0,H,1,0,H,18,8,6,4,2.2,3.2,2.875,2.22,3.15,3.0,2.1,3.0,3.1,2.1,3.2,3.0,2.2,3.2,2.88,2.2,3.2,2.875,2.1,3.2,3.0,2.0,1.6,2.2,1.61
4,2,H,2,1,H,12,11,4,3,2.1,3.25,3.0,2.1,3.25,3.15,2.1,3.0,3.1,2.1,3.2,3.0,2.1,3.25,3.0,2.1,3.25,3.0,2.0,3.2,3.2,1.75,1.85,2.0,1.72
1,0,H,1,0,H,10,12,7,4,1.4,3.75,7.5,1.4,3.9,7.5,1.4,3.7,6.5,1.4,3.75,7.0,1.4,3.75,7.5,1.4,3.75,7.5,1.4,3.6,7.5,1.65,1.95,1.72,2.0
1,2,A,0,2,A,7,6,5,4,2.5,3.2,2.5,2.55,3.15,2.55,2.4,2.9,2.7,2.38,3.2,2.6,2.4,3.2,2.6,2.4,3.2,2.6,2.6,3.1,2.4,1.9,1.7,2.0,1.72
3,2,H,0,1,A,13,5,7,5,1.615,3.4,5.0,1.75,3.33,4.44,1.75,3.2,4.0,1.62,3.5,4.5,1.67,3.4,4.5,1.667,3.4,4.5,1.61,3.3,5.0,1.75,1.85,1.9,1.8
2,5,A,2,2,D,13,15,8,9,1.8,3.25,4.0,1.85,3.2,4.0,2.0,3.1,3.2,1.8,3.25,3.75,1.85,3.2,3.75,1.85,3.2,3.75,1.8,3.1,4.0,1.9,1.7,2.1,1.66
0,1,A,0,0,D,10,12,4,6,2.5,3.2,2.5,2.45,3.15,2.65,2.4,3.0,2.6,2.4,3.25,2.5,2.4,3.2,2.6,2.4,3.2,2.6,2.5,3.1,2.5,1.9,1.7,2.0,1.72
2,2,D,0,1,A,16,20,12,15,2.625,3.2,2.375,2.37,3.2,2.72,2.3,3.0,2.7,2.5,3.2,2.5,2.5,3.2,2.5,2.5,3.2,2.5,2.62,2.9,2.5,1.85,1.75,1.9,1.8
4,1,H,1,1,D,11,6,4,2,1.727,3.25,4.333,1.8,3.25,4.2,1.75,3.2,4.0,1.73,3.5,3.75,1.8,3.25,4.0,1.8,3.25,4.0,1.72,3.2,4.33,1.8,1.8,1.8,1.9
0,1,A,0,0,D,13,15,7,8,2.3,3.2,2.7,2.25,3.2,2.9,2.2,3.0,2.9,2.2,3.25,2.75,2.3,3.2,2.75,2.3,3.2,2.75,2.25,3.2,2.75,1.7,1.9,1.72,2.0
0,1,A,0,0,D,15,3,6,2,2.5,3.2,2.5,2.4,3.15,2.7,2.4,3.0,2.6,2.6,3.2,2.38,2.4,3.2,2.6,2.4,3.2,2.6,2.5,3.1,2.5,1.85,1.75,2.0,1.72
2,1,H,0,1,A,9,4,7,1,2.5,3.2,2.5,2.4,3.15,2.7,2.4,3.0,2.6,2.25,3.2,2.75,2.38,3.2,2.63,2.375,3.2,2.625,2.5,3.1,2.5,1.8,1.8,1.8,1.9
2,1,H,1,1,D,11,3,6,1,1.25,5.0,9.0,1.3,4.5,9.0,1.3,4.2,8.0,1.25,4.5,10.0,1.25,4.5,10.0,1.25,4.75,10.0,1.25,5.0,8.0,1.65,1.95,1.66,2.1
4,2,H,1,1,D,15,11,10,6,2.25,3.25,2.75,2.15,3.2,3.05,2.2,3.0,2.9,2.2,3.2,2.8,2.2,3.2,2.88,2.2,3.2,2.88,2.2,3.0,3.0,1.85,1.75,2.0,1.72
1,1,D,1,1,D,16,8,8,5,1.66,3.4,4.5,1.72,3.3,4.55,1.75,3.2,4.0,1.73,3.4,4.0,1.67,3.2,5.0,1.67,3.2,5.0,1.66,3.3,4.5,1.75,1.85,1.83,1.83
2,0,H,0,0,D,13,8,5,2,1.9,3.25,3.5,2.02,3.25,3.3,2.1,3.0,3.1,2.1,3.2,3.0,2.0,3.25,3.25,2.0,3.25,3.25,1.83,3.3,3.6,1.8,1.8,1.9,1.8
1,2,A,1,1,D,12,9,7,5,1.5,3.5,6.0,1.52,3.55,5.95,1.55,3.4,5.0,1.53,3.5,5.5,1.53,3.4,6.0,1.53,3.4,6.0,1.44,3.6,6.5,1.7,1.9,1.83,1.83
0,2,A,0,2,A,9,13,4,8,4.0,3.25,1.8,3.98,3.35,1.8,3.5,3.1,1.9,3.75,3.25,1.8,4.0,3.25,1.8,4.0,3.25,1.8,3.75,3.3,1.8,1.7,1.9,1.8,1.9
1,3,A,0,3,A,13,14,5,4,2.4,3.2,2.6,2.35,3.2,2.7,2.4,3.0,2.6,2.38,3.2,2.6,2.3,3.2,2.7,2.3,3.2,2.7,2.5,3.1,2.5,1.85,1.75,2.0,1.72
3,0,H,2,0,H,16,7,9,1,2.2,3.25,2.8,2.2,3.25,2.9,2.2,3.0,2.9,2.2,3.25,2.75,2.2,3.2,2.88,2.2,3.2,2.88,2.1,3.3,2.87,1.8,1.8,1.83,1.83
0,3,A,0,2,A,7,11,2,5,3.25,3.25,2.0,3.45,3.25,1.95,3.1,3.0,2.1,3.4,3.25,1.91,3.25,3.25,2.0,3.25,3.25,2.0,3.4,3.25,1.9,1.85,1.75,1.8,1.9
0,1,A,0,0,D,5,15,3,7,6.5,3.75,1.444,7.0,3.6,1.45,4.8,3.5,1.55,6.5,3.6,1.44,6.5,3.75,1.44,7.0,3.75,1.4,7.0,3.5,1.44,1.7,1.95,1.72,2.0
1,3,A,0,1,A,7,3,6,3,4.0,3.25,1.8,3.9,3.25,1.85,3.5,3.1,1.9,3.75,3.25,1.8,4.0,3.25,1.8,4.0,3.25,1.8,3.75,3.2,1.83,1.7,1.9,1.9,1.8
1,0,H,1,0,H,18,11,11,5,2.2,3.25,2.8,2.25,3.2,2.9,2.1,3.0,3.1,2.1,3.2,3.0,2.2,3.2,2.88,2.2,3.2,2.875,2.1,3.2,3.0,1.8,1.8,1.9,1.8
2,1,H,1,0,H,19,14,10,6,2.25,3.25,2.75,2.35,3.25,2.7,2.2,3.0,2.9,2.2,3.2,2.8,2.3,3.2,2.7,2.3,3.2,2.7,2.3,3.2,2.62,1.8,1.8,1.9,1.8
2,1,H,2,1,H,17,8,10,5,2.25,3.25,2.75,2.35,3.25,2.7,2.3,3.0,2.7,2.2,3.25,2.75,2.3,3.2,2.7,2.3,3.2,2.7,2.3,3.2,2.62,1.9,1.7,2.0,1.72
1,0,H,1,0,H,10,12,7,3,1.727,3.5,4.0,1.8,3.4,4.0,1.7,3.2,4.2,1.67,3.4,4.33,1.67,3.4,4.5,1.667,3.4,4.5,1.8,3.3,3.75,1.75,1.85,1.8,1.9
1,1,D,0,1,A,17,2,10,2,1.444,3.75,6.5,1.5,3.8,5.8,1.45,3.8,5.4,1.5,3.4,6.0,1.5,3.5,6.0,1.533,3.4,6.0,1.44,3.6,6.5,1.85,1.75,2.0,1.72
4,1,H,2,1,H,16,8,7,6,1.5,3.5,6.0,1.57,3.6,5.5,1.55,3.5,4.8,1.5,3.4,6.0,1.5,3.5,6.0,1.5,3.5,6.0,1.4,3.6,7.5,1.75,1.85,1.9,1.8
1,1,D,0,1,A,15,7,8,5,2.3,3.2,2.7,2.3,3.2,2.8,2.2,3.0,2.9,2.25,3.2,2.75,2.25,3.25,2.75,2.3,3.2,2.7,2.25,3.2,2.75,1.85,1.75,2.0,1.72
1,1,D,1,0,H,15,9,8,6,1.4,3.75,7.5,1.45,4.0,6.2,1.45,3.8,5.4,1.44,3.6,6.5,1.4,3.75,7.5,1.4,3.75,7.5,1.44,3.6,6.5,1.65,1.95,1.66,2.1
1,1,D,0,1,A,6,18,4,10,2.625,3.2,2.375,2.7,3.15,2.4,2.4,3.0,2.6,3.0,3.2,2.1,2.75,3.25,2.25,2.75,3.2,2.3,2.62,3.2,2.3,1.7,1.9,1.72,2.0
3,0,H,0,0,D,12,9,8,4,1.727,3.25,4.333,1.75,3.3,4.45,1.75,3.2,4.0,1.67,3.25,4.5,1.67,3.25,4.75,1.667,3.2,5.0,1.61,3.3,5.0,1.9,1.7,2.15,1.66
1,1,D,0,0,D,13,7,5,3,5.5,3.5,1.533,5.4,3.45,1.6,4.6,3.4,1.6,6.0,3.4,1.5,6.0,3.5,1.5,5.5,3.4,1.571,5.5,3.4,1.53,1.7,1.9,1.75,2.05
3,0,H,0,0,D,14,13,9,6,2.1,3.25,3.0,2.2,3.2,3.1,2.0,3.1,3.2,2.0,3.2,3.2,2.0,3.25,3.25,2.1,3.2,3.1,1.9,3.2,3.5,1.8,1.8,2.05,1.75
1,2,A,0,0,D,16,6,9,5,1.533,3.5,5.5,1.6,3.5,5.25,1.65,3.3,4.4,1.62,3.25,5.0,1.5,3.5,6.0,1.533,3.4,6.0,1.53,3.4,5.5,1.7,1.9,1.8,2.0
2,1,H,0,1,A,25,11,16,6,1.833,3.25,3.75,1.95,3.25,3.6,1.85,3.1,3.6,1.91,3.2,3.5,1.91,3.25,3.5,1.909,3.2,3.6,1.9,3.2,3.5,1.8,1.8,2.0,1.8
0,3,A,0,1,A,12,13,5,6,2.5,3.2,2.5,2.5,3.2,2.6,2.5,3.0,2.5,2.5,3.25,2.4,2.5,3.2,2.5,2.4,3.2,2.6,2.5,3.25,2.4,1.7,1.9,1.9,1.9
1,5,A,0,4,A,18,9,12,9,4.333,3.25,1.727,3.75,3.3,1.88,3.6,3.1,1.85,3.75,3.5,1.73,4.0,3.4,1.73,3.8,3.25,1.833,4.2,3.25,1.72,1.7,1.9,1.8,2.0
1,3,A,0,2,A,7,9,4,5,2.5,3.0,2.625,2.55,3.1,2.6,2.7,3.0,2.3,2.6,3.2,2.38,2.38,3.2,2.62,2.5,3.2,2.5,2.5,3.1,2.5,1.9,1.7,2.3,1.6
2,1,H,1,0,H,5,14,2,9,3.75,3.25,1.833,3.65,3.33,1.9,3.6,3.1,1.85,3.5,3.2,1.91,3.8,3.4,1.91,3.6,3.2,1.909,3.75,3.2,1.83,1.8,1.8,2.05,1.75
1,2,A,0,1,A,10,7,5,2,2.375,3.2,2.625,2.4,3.2,2.7,2.3,3.0,2.7,2.38,3.2,2.6,2.25,3.25,2.75,2.375,3.2,2.625,2.4,3.1,2.6,1.9,1.7,2.1,1.7
1,1,D,1,1,D,15,8,10,7,1.727,3.25,4.333,1.72,3.4,4.45,1.7,3.2,4.2,1.67,3.25,4.5,1.67,3.4,4.5,1.7,3.3,4.5,1.61,3.3,5.0,1.7,1.9,1.85,1.95
1,0,H,1,0,H,10,12,7,6,1.909,3.25,3.5,1.95,3.25,3.6,1.9,3.1,3.5,1.8,3.25,3.75,1.91,3.25,3.5,1.909,3.25,3.5,1.9,3.2,3.5,1.8,1.85,1.9,1.9
1,0,H,0,0,D,11,15,4,6,1.615,3.4,5.0,1.65,3.4,5.0,1.5,3.7,5.0,1.67,3.25,4.5,1.62,3.4,5.0,1.615,3.4,5.0,1.57,3.5,5.0,1.85,1.8,2.05,1.75
1,1,D,0,1,A,6,11,2,5,2.25,3.25,2.75,2.25,3.25,2.9,2.1,3.0,3.1,2.2,3.2,2.8,2.2,3.25,2.8,2.2,3.2,2.875,2.25,3.2,2.75,1.85,1.8,1.95,1.85
2,1,H,1,1,D,5,8,2,5,2.0,3.25,3.25,2.08,3.25,3.25,2.2,3.0,2.9,1.91,3.25,3.4,2.0,3.25,3.25,2.0,3.25,3.25,2.0,3.2,3.2,1.75,1.9,1.85,1.95
1,0,H,1,0,H,15,12,11,3,1.615,3.4,5.0,1.62,3.45,5.25,1.6,3.4,4.6,1.5,3.4,6.0,1.5,3.5,6.0,1.533,3.4,6.0,1.53,3.4,5.5,1.95,1.7,2.1,1.7
2,0,H,1,0,H,10,9,8,3,2.4,3.2,2.6,2.45,3.2,2.65,2.5,3.0,2.5,2.38,3.2,2.6,2.38,3.2,2.63,2.375,3.2,2.625,2.4,3.1,2.6,1.8,1.85,1.9,1.9
2,0,H,2,0,H,19,6,11,4,1.3,4.5,8.0,1.36,4.1,8.25,1.45,3.8,5.4,1.29,4.33,9.0,1.3,4.33,8.5,1.3,4.333,8.5,1.3,4.2,8.5,1.65,2.0,1.66,2.15
0,2,A,0,0,D,11,5,4,3,1.909,3.25,3.5,1.95,3.25,3.6,1.8,3.1,3.8,1.91,3.2,3.5,1.91,3.25,3.5,1.909,3.25,3.5,1.9,3.2,3.5,1.9,1.75,2.05,1.75
2,1,H,1,0,H,15,7,2,6,1.36,4.0,7.5,1.45,3.85,7.0,1.35,4.0,7.0,1.44,3.6,6.5,1.44,3.75,6.5,1.44,3.75,6.5,1.36,4.0,7.0,1.7,1.9,1.8,2.0
1,0,H,0,0,D,10,11,4,0,2.7,3.2,2.3,2.82,3.25,2.3,2.9,3.0,2.2,2.75,3.2,2.25,2.75,3.25,2.25,2.75,3.25,2.25,2.8,3.2,2.2,1.75,1.85,1.95,1.85
2,0,H,1,0,H,9,10,3,2,1.444,3.75,6.5,1.45,3.8,7.0,1.5,3.7,5.0,1.44,3.6,6.5,1.44,3.75,6.5,1.444,3.75,6.5,1.44,3.6,6.5,1.85,1.8,2.0,1.8
0,1,A,0,1,A,19,13,6,5,4.5,3.4,1.66,4.6,3.45,1.68,3.8,3.1,1.8,4.33,3.2,1.73,4.75,3.4,1.73,4.33,3.25,1.73,4.2,3.25,1.72,1.8,1.8,1.9,1.9
2,0,H,1,0,H,10,9,4,5,4.0,3.25,1.8,4.0,3.3,1.81,3.2,3.1,2.0,4.0,3.4,1.73,4.0,3.25,1.8,4.0,3.25,1.8,3.75,3.3,1.8,1.65,1.95,1.95,1.85
0,2,A,0,1,A,7,11,5,5,2.62,3.2,2.37,2.65,3.25,2.4,2.4,3.0,2.6,2.6,3.2,2.38,2.7,3.1,2.38,2.7,3.1,2.38,2.62,3.1,2.37,1.8,1.8,1.85,1.95
0,0,D,0,0,D,11,3,8,2,1.72,3.25,4.33,1.75,3.3,4.35,1.65,3.3,4.4,1.62,3.5,4.5,1.73,3.3,4.33,1.73,3.3,4.33,1.66,3.3,4.5,1.6,2.05,1.9,1.9
2,2,D,1,0,H,3,12,3,5,2.2,3.25,2.8,2.2,3.3,2.95,2.0,3.1,3.2,2.2,3.25,2.75,2.2,3.2,2.88,2.2,3.2,2.88,2.0,3.2,3.2,1.75,1.85,2.15,1.66
2,3,A,1,2,A,14,7,8,3,2.2,3.25,2.8,2.0,3.2,3.4,2.0,3.1,3.2,2.0,3.2,3.2,2.0,3.25,3.25,2.0,3.25,3.25,2.25,3.3,2.62,1.8,1.8,2.15,1.66
0,2,A,0,0,D,12,13,7,8,2.3,3.2,2.7,2.25,3.25,2.9,2.2,3.0,2.9,2.25,3.2,2.75,2.25,3.2,2.8,2.25,3.2,2.8,2.25,3.2,2.75,1.9,1.7,2.1,1.7
1,0,H,0,0,D,14,7,9,4,1.8,3.25,4.0,1.85,3.3,3.85,1.75,3.2,4.0,1.8,3.25,3.75,1.83,3.3,3.75,1.83,3.3,3.75,1.83,3.3,3.6,1.7,1.9,1.85,1.95
2,3,A,0,0,D,12,9,5,6,2.5,3.2,2.5,2.6,3.25,2.45,2.3,3.0,2.7,2.6,3.2,2.38,2.5,3.2,2.5,2.5,3.2,2.5,2.4,3.1,2.6,1.7,1.9,2.0,1.8
0,2,A,0,1,A,5,11,1,8,4.33,3.25,1.72,3.9,3.3,1.85,4.0,3.2,1.75,4.5,3.25,1.67,4.33,3.25,1.73,4.33,3.25,1.73,4.0,3.4,1.72,1.8,1.8,2.0,1.8
1,0,H,0,0,D,13,9,6,3,1.833,3.25,3.75,1.85,3.25,4.0,1.8,3.1,3.8,1.73,3.2,4.33,1.8,3.25,4.0,1.8,3.25,4.0,1.72,3.2,4.33,2.0,1.7,2.1,1.7
5,0,H,2,0,H,16,8,10,4,1.571,3.6,5.0,1.6,3.4,5.5,1.55,3.5,4.8,1.5,3.4,6.0,1.5,3.5,6.0,1.5,3.5,6.0,1.53,3.4,5.5,1.75,1.95,1.85,1.95
3,0,H,1,0,H,18,11,11,6,1.286,4.5,9.0,1.28,4.75,11.0,1.25,4.5,9.0,1.25,4.5,10.0,1.25,5.0,8.5,1.25,5.0,9.0,1.25,5.0,8.0,1.7,2.0,1.8,2.0
1,1,D,0,1,A,15,6,6,4,1.909,3.25,3.5,1.9,3.3,3.75,1.9,3.1,3.5,1.8,3.25,3.75,1.91,3.25,3.5,1.909,3.25,3.5,1.83,3.2,3.75,1.95,1.75,1.9,1.9
5,1,H,1,0,H,14,11,8,8,1.615,3.4,5.0,1.7,3.3,5.0,1.75,3.2,4.0,1.57,3.25,5.5,1.57,3.4,5.5,1.571,3.4,5.5,1.61,3.3,5.0,1.8,1.9,1.9,1.9
2,2,D,1,2,A,11,13,7,9,1.8,3.25,4.0,1.9,3.25,3.75,1.9,3.1,3.5,1.8,3.2,4.0,1.73,3.25,4.33,1.8,3.25,4.0,1.8,3.3,3.75,2.0,1.7,2.15,1.66
2,0,H,1,0,H,10,4,4,2,1.667,3.4,4.5,1.67,3.5,4.75,1.6,3.4,4.6,1.62,3.5,4.5,1.67,3.4,4.5,1.667,3.4,4.5,1.57,3.5,5.0,1.9,1.8,1.95,1.85
2,1,H,1,0,H,14,6,10,3,1.444,3.75,6.5,1.45,3.75,7.5,1.4,3.9,6.0,1.36,3.75,8.0,1.44,4.0,7.5,1.4,3.75,7.5,1.33,4.0,8.0,1.7,2.0,1.75,2.05
3,1,H,2,1,H,19,11,11,6,1.571,3.4,5.5,1.61,3.35,5.55,1.55,3.4,5.0,1.5,3.4,6.0,1.62,3.4,5.0,1.615,3.4,5.0,1.44,3.6,6.5,1.85,1.85,1.9,1.9
1,0,H,0,0,D,15,7,8,2,2.3,3.2,2.7,2.45,3.25,2.65,2.5,3.0,2.5,2.2,3.25,2.75,2.25,3.25,2.75,2.3,3.2,2.7,2.3,3.2,2.62,1.8,1.9,1.95,1.85
1,1,D,0,0,D,6,12,2,5,4.5,3.4,1.667,4.6,3.25,1.75,3.8,3.1,1.8,5.0,3.25,1.615,4.5,3.4,1.67,4.5,3.4,1.667,4.5,3.3,1.66,1.9,1.8,2.0,1.8
2,0,H,1,0,H,5,5,3,2,2.2,3.25,2.8,2.2,3.25,3.0,2.1,3.1,3.0,2.1,3.2,3.0,2.1,3.25,3.0,2.1,3.25,3.0,2.2,3.2,2.8,1.9,1.7,1.95,1.85
1,6,A,1,3,A,6,14,4,10,1.909,3.25,3.5,2.2,3.25,3.0,2.1,3.0,3.1,1.909,3.25,3.4,2.0,3.25,3.25,2.1,3.25,3.0,1.9,3.25,3.4,1.8,1.9,1.95,1.85
4,0,H,1,0,H,12,5,9,1,1.727,3.25,4.333,1.8,3.2,4.33,1.85,3.1,3.6,1.727,3.2,4.333,1.73,3.4,4.75,1.75,3.25,4.333,1.72,3.2,4.33,1.85,1.85,2.0,1.8
3,0,H,1,0,H,22,12,12,6,1.533,3.5,5.5,1.51,3.5,6.5,1.5,3.7,5.0,1.444,3.6,6.5,1.5,3.5,6.0,1.5,3.5,6.0,1.44,3.75,6.0,1.95,1.75,2.0,1.8
1,1,D,1,0,H,11,14,5,8,2.0,3.25,3.25,2.15,3.15,3.2,2.0,3.1,3.2,2.0,3.2,3.2,2.0,3.25,3.25,2.0,3.25,3.25,2.0,3.2,3.2,2.0,1.7,2.05,1.75
1,2,A,1,0,H,9,13,4,10,5.0,3.4,1.615,5.25,3.5,1.61,4.6,3.4,1.6,5.0,3.5,1.571,5.0,3.4,1.62,5.0,3.4,1.615,5.0,3.5,1.57,1.8,1.9,1.95,1.85
2,1,H,1,0,H,12,10,6,4,1.727,3.25,4.333,1.8,3.25,4.25,1.8,3.1,3.8,1.727,3.2,4.333,1.73,3.25,4.33,1.75,3.2,4.333,1.8,3.3,3.75,1.9,1.8,1.95,1.85
2,1,H,1,1,D,9,15,7,8,2.5,3.2,2.5,2.52,3.25,2.52,2.5,3.0,2.5,2.75,3.2,2.25,2.63,3.2,2.38,2.625,3.2,2.375,2.62,3.2,2.3,1.9,1.8,1.9,1.9
0,4,A,0,2,A,9,7,4,3,2.25,3.25,2.75,2.35,3.2,2.8,2.2,3.0,2.9,2.375,3.2,2.6,2.38,3.2,2.63,2.3,3.2,2.7,2.25,3.2,2.75,2.0,1.7,2.05,1.75
2,0,H,1,0,H,7,2,3,0,1.667,3.4,4.5,1.66,3.33,5.0,1.5,3.7,5.0,1.533,3.5,5.5,1.62,3.4,5.0,1.615,3.4,5.0,1.57,3.5,5.0,1.85,1.75,2.1,1.7
1,0,H,1,0,H,11,7,6,5,1.727,3.25,4.333,1.75,3.33,4.4,1.65,3.3,4.4,1.727,3.4,4.0,1.73,3.25,4.33,1.727,3.25,4.333,1.61,3.5,4.5,1.8,1.8,1.95,1.85
1,0,H,0,0,D,17,7,8,2,1.5,3.5,6.0,1.5,3.5,6.5,1.45,3.8,5.4,1.444,3.6,6.5,1.44,3.75,6.5,1.444,3.75,6.5,1.44,3.6,6.5,1.75,1.85,1.8,2.0
2,2,D,1,2,A,11,6,4,2,1.909,3.25,3.5,1.91,3.3,3.6,1.75,3.2,4.0,1.727,3.4,4.0,1.91,3.25,3.5,1.833,3.25,3.75,1.9,3.3,3.3,1.8,1.8,1.95,1.85
2,0,H,1,0,H,17,11,11,7,1.444,3.5,7.5,1.44,3.75,7.0,1.4,3.9,6.0,1.444,3.6,6.5,1.4,3.75,7.5,1.4,3.75,7.5,1.36,3.75,8.0,1.7,1.9,2.0,1.8
0,0,D,0,0,D,9,6,6,1,2.2,3.25,2.8,2.25,3.25,2.85,2.2,3.0,2.9,2.2,3.25,2.75,2.2,3.25,2.8,2.2,3.2,2.875,2.3,3.2,2.62,1.8,1.8,2.0,1.8
2,6,A,1,4,A,15,15,9,11,2.625,3.2,2.375,2.7,3.25,2.35,2.6,3.0,2.4,2.5,3.25,2.4,2.75,3.4,2.38,2.7,3.3,2.3,2.62,3.1,2.37,1.75,1.85,1.85,1.95
1,2,A,1,2,A,12,8,6,3,3.5,3.25,1.909,3.6,3.35,1.9,3.8,3.3,1.75,3.75,3.2,1.833,3.5,3.25,1.91,4.0,3.2,1.8,3.75,3.3,1.8,1.85,1.75,2.1,1.7
2,2,D,1,1,D,15,6,7,3,2.0,3.25,3.25,1.96,3.25,3.5,2.0,3.0,3.3,1.8,3.25,3.75,2.0,3.25,3.25,1.909,3.2,3.6,1.83,3.3,3.6,1.9,1.7,2.05,1.75
2,2,D,0,1,A,10,6,7,3,2.25,3.25,2.75,2.35,3.2,2.75,2.2,3.0,2.9,2.25,3.2,2.75,2.38,3.4,2.5,2.3,3.25,2.75,2.3,3.1,2.75,1.8,1.9,1.9,1.9
0,2,A,0,2,A,9,11,6,6,1.8,3.25,4.0,1.81,3.3,4.3,1.8,3.1,3.8,1.727,3.4,4.0,1.73,3.25,4.33,1.727,3.25,4.333,1.72,3.25,4.2,1.75,1.85,1.95,1.85
2,1,H,1,0,H,19,16,10,10,2.8,3.25,2.2,3.2,3.2,2.15,2.9,3.0,2.2,3.4,3.25,1.909,3.25,3.25,2.0,3.25,3.25,2.0,3.2,3.2,2.0,1.8,1.8,1.95,1.85
1,0,H,1,0,H,19,9,9,3,2.2,3.25,2.8,2.2,3.25,3.0,2.2,3.0,2.9,2.1,3.2,3.0,2.25,3.25,2.75,2.25,3.2,2.8,2.2,3.2,2.8,1.85,1.75,2.0,1.8
0,2,A,0,1,A,7,13,5,7,2.1,3.25,3.0,2.12,3.2,3.2,2.0,3.1,3.2,2.1,3.2,3.0,2.0,3.25,3.25,2.0,3.25,3.25,2.0,3.2,3.2,1.8,1.8,2.05,1.75
1,2,A,0,1,A,9,8,4,2,2.5,3.2,2.5,2.58,3.2,2.55,2.6,3.0,2.4,2.375,3.0,2.75,2.38,3.2,2.63,2.4,3.2,2.6,2.5,3.1,2.5,1.75,1.85,2.0,1.8
2,1,H,0,1,A,13,8,6,6,3.0,3.25,2.1,3.3,3.2,2.1,3.1,3.0,2.1,3.0,3.2,2.1,3.25,3.25,2.0,3.25,3.25,2.0,3.6,3.3,1.83,1.7,1.9,1.9,1.9
3,1,H,2,1,H,18,6,12,1,1.3,4.5,8.0,1.41,4.4,6.5,1.4,3.9,6.0,1.364,3.75,8.0,1.3,4.33,8.5,1.3,4.333,8.5,1.33,4.33,7.0,1.6,2.05,1.75,2.05
0,2,A,0,0,D,7,6,3,2,3.75,3.25,1.833,4.1,3.4,1.8,3.5,3.1,1.9,3.5,3.2,1.909,3.75,3.25,1.83,3.8,3.25,1.833,3.75,3.2,1.83,1.75,1.85,1.95,1.85
3,2,H,2,0,H,16,5,7,3,2.2,3.25,2.8,2.3,3.25,2.85,2.3,3.0,2.7,2.1,3.2,3.0,2.2,3.25,2.8,2.2,3.2,2.875,2.1,3.3,2.87,1.75,1.85,1.95,1.85
1,2,A,0,2,A,20,9,13,7,2.1,3.25,3.0,2.12,3.2,3.3,1.9,3.2,3.4,2.1,3.2,3.0,2.1,3.25,3.0,2.1,3.25,3.0,2.1,3.3,2.87,1.75,1.85,2.1,1.7
3,2,H,0,1,A,15,12,9,7,2.1,3.25,3.0,2.0,3.3,3.25,1.9,3.1,3.5,1.909,3.25,3.4,2.1,3.25,3.0,2.1,3.25,3.0,2.0,3.4,3.0,1.85,1.85,2.05,1.75
0,0,D,0,0,D,11,6,5,3,1.8,3.4,3.6,1.7,3.35,4.45,1.7,3.2,4.2,1.667,3.4,4.333,1.73,3.4,4.0,1.8,3.4,3.75,1.72,3.4,4.0,1.85,1.85,2.0,1.8
4,1,H,1,0,H,13,3,9,1,1.727,3.2,4.333,1.7,3.3,4.55,1.7,3.2,4.2,1.667,3.25,4.5,1.7,3.25,4.5,1.7,3.25,4.5,1.66,3.3,4.5,1.8,1.9,1.85,1.95
2,1,H,0,0,D,20,5,10,5,1.4,3.75,7.0,1.4,3.9,7.1,1.35,4.0,7.0,1.333,4.0,8.0,1.4,3.75,7.5,1.364,3.75,8.5,1.4,3.75,7.0,1.75,1.95,1.95,1.85
3,0,H,2,0,H,15,4,8,3,1.571,3.6,5.0,1.5,3.55,6.15,1.5,3.5,5.4,1.444,3.75,6.0,1.53,3.5,5.5,1.533,3.5,5.5,1.53,3.4,5.5,1.85,1.85,1.9,1.9
1,1,D,1,0,H,16,10,4,7,1.5,3.4,6.0,1.45,3.6,7.0,1.4,3.9,6.0,1.444,3.6,6.5,1.5,3.5,6.0,1.5,3.5,6.0,1.4,3.6,7.5,1.8,1.9,1.8,2.0
2,3,A,1,1,D,8,8,8,5,3.0,3.25,2.1,3.0,3.35,2.1,2.6,3.1,2.3,2.8,3.2,2.2,2.88,3.2,2.2,2.875,3.2,2.2,3.2,3.2,2.0,1.85,1.85,2.0,1.8
1,0,H,0,0,D,13,6,9,2,1.833,3.5,3.5,2.0,3.3,3.25,1.8,3.4,3.5,1.909,3.4,3.25,1.91,3.4,3.4,1.909,3.4,3.4,1.9,3.4,3.25,1.85,1.85,2.1,1.7
2,0,H,1,0,H,19,7,7,2,1.667,3.4,4.5,1.75,3.3,4.5,1.7,3.2,4.2,1.667,3.4,4.333,1.73,3.25,4.33,1.667,3.25,4.75,1.72,3.4,4.0,1.9,1.8,2.05,1.75
3,0,H,2,0,H,7,6,6,4,2.1,3.25,3.0,2.15,3.2,3.1,2.2,3.0,2.9,1.8,3.4,3.6,2.1,3.25,3.0,2.1,3.2,3.1,2.0,3.2,3.2,1.9,1.8,2.05,1.75
2,2,D,0,0,D,17,8,11,7,5.0,3.6,1.571,5.0,3.6,1.6,4.4,3.3,1.65,5.0,3.5,1.571,5.0,3.5,1.57,5.0,3.4,1.615,5.0,3.3,1.61,1.75,1.95,1.8,2.0
2,1,H,1,0,H,14,14,10,6,2.2,3.25,2.8,2.2,3.35,2.85,2.2,3.0,2.9,2.2,3.25,2.75,2.25,3.25,2.75,2.2,3.2,2.9,2.25,3.2,2.75,1.85,1.85,2.0,1.8
1,1,D,1,0,H,11,7,5,5,1.4,4.0,6.5,1.38,4.1,7.5,1.4,3.9,6.0,1.4,4.333,5.5,1.36,4.0,7.5,1.333,4.0,8.5,1.36,4.0,7.0,1.8,1.9,1.8,2.0
2,1,H,0,0,D,11,15,8,10,1.8,3.25,4.0,1.75,3.4,4.25,1.8,3.1,3.8,1.727,3.2,4.333,1.8,3.25,4.0,1.8,3.25,4.0,1.72,3.25,4.2,1.8,1.9,1.9,1.9
2,3,A,1,1,D,15,10,9,5,2.0,3.4,3.0,2.15,3.3,3.0,2.1,3.0,3.1,2.1,3.5,2.75,2.0,3.25,3.25,2.1,3.2,3.1,2.1,3.5,2.75,1.75,1.95,1.95,1.85
0,1,A,0,1,A,12,18,8,9,4.5,3.4,1.667,4.75,3.5,1.67,4.6,3.6,1.55,4.333,3.4,1.667,4.5,3.4,1.67,4.75,3.25,1.667,5.0,3.3,1.61,1.8,1.9,1.85,1.95
0,6,A,0,1,A,9,18,5,14,5.0,3.6,1.571,5.75,3.7,1.53,5.4,3.8,1.45,6.0,3.75,1.444,6.0,3.5,1.5,6.0,3.4,1.533,6.0,3.75,1.44,1.75,1.95,1.95,1.85
0,1,A,0,0,D,16,11,5,7,2.2,3.4,2.75,2.4,3.4,2.55,,,,2.2,3.5,2.625,2.2,3.25,2.8,2.2,3.3,2.8,2.1,3.5,2.75,1.8,1.9,2.0,1.8
0,2,A,0,0,D,6,20,3,15,5.0,3.4,1.615,5.0,3.6,1.6,4.2,3.4,1.65,4.5,3.5,1.615,5.0,3.5,1.57,5.0,3.4,1.615,5.5,3.4,1.53,1.65,2.1,1.7,2.1
1,0,H,0,0,D,11,11,4,7,1.4,3.75,7.5,1.35,4.5,7.5,1.4,3.7,6.5,1.286,4.5,8.0,1.4,3.75,7.5,1.4,3.75,7.5,1.33,4.0,8.0,1.8,1.85,1.9,1.9
1,1,D,1,0,H,13,13,7,7,1.286,4.5,9.0,1.28,4.65,8.65,1.2,5.0,10.0,1.25,4.5,10.0,1.25,4.5,10.0,1.333,4.0,8.5,1.25,5.0,8.0,1.75,1.9,1.95,1.85
2,0,H,2,0,H,13,16,6,8,2.4,3.2,2.6,2.35,3.25,2.7,2.4,3.0,2.6,2.1,3.4,2.875,2.38,3.4,2.5,2.3,3.4,2.6,2.4,3.25,2.5,1.85,1.8,2.0,1.8
1,2,A,0,0,D,8,6,6,3,1.333,4.333,7.5,1.3,4.5,9.0,1.25,4.5,9.0,1.25,4.5,10.0,1.36,4.0,7.5,1.364,4.0,7.5,1.28,4.5,8.0,1.65,2.0,1.85,1.95
4,1,H,3,1,H,21,4,14,2,1.143,6.5,12.0,1.18,6.0,12.0,1.15,6.0,12.0,1.167,5.5,12.0,1.17,5.5,13.0,1.167,5.5,13.0,1.14,6.0,12.0,1.55,2.3,1.57,2.3
5,1,H,3,0,H,26,6,16,4,2.1,3.25,3.0,2.0,3.25,3.45,1.85,3.1,3.6,1.909,3.25,3.4,1.83,3.25,3.75,1.909,3.25,3.5,1.9,3.25,3.4,1.85,1.8,1.9,1.9
1,0,H,1,0,H,18,4,9,2,1.4,3.75,7.5,1.33,4.5,8.0,1.35,4.0,7.0,1.333,4.333,7.0,1.4,3.75,7.5,1.4,3.75,7.5,1.36,4.0,7.0,1.7,1.95,1.8,2.0
0,0,D,0,0,D,10,10,4,2,2.375,3.6,2.375,2.55,3.2,2.5,,,,2.625,3.4,2.25,2.4,3.5,2.4,2.4,3.5,2.4,2.4,3.25,2.5,1.95,1.7,2.0,1.8
1,0,H,0,0,D,11,8,7,3,2.5,3.4,2.375,2.6,3.35,2.4,2.6,3.2,2.2,2.625,3.5,2.2,2.63,3.4,2.25,2.6,3.5,2.25,2.62,3.5,2.2,1.8,1.85,1.9,1.9
2,3,A,1,1,D,33,11,17,6,1.3,4.5,8.0,1.35,4.5,7.5,1.3,4.2,8.0,1.364,4.0,7.0,1.36,4.0,7.5,1.364,4.0,7.5,1.3,4.5,7.5,1.65,2.0,1.7,2.1
6,1,H,5,1,H,16,13,13,5,1.444,3.75,6.5,1.45,3.65,7.5,1.5,3.7,5.0,1.444,3.75,6.0,1.5,3.5,6.5,1.444,3.75,6.5,1.44,3.6,6.5,1.7,1.95,1.75,2.05
2,2,D,0,0,D,10,16,7,10,3.25,3.5,1.909,3.65,3.65,1.8,,,,3.2,3.5,1.909,3.25,3.5,1.91,3.25,3.5,1.909,3.2,3.5,1.9,1.85,1.85,2.0,1.8
2,1,H,2,0,H,13,6,6,3,1.571,3.6,5.0,1.55,3.85,5.0,,,,1.571,3.5,5.0,1.57,3.6,5.0,1.571,3.6,5.0,1.57,3.5,5.0,1.85,1.85,1.95,1.85
0,1,A,0,1,A,10,17,4,7,2.1,3.25,3.0,2.1,3.25,3.15,,,,2.1,3.2,3.0,2.0,3.25,3.25,2.0,3.25,3.25,1.9,3.25,3.4,1.8,1.9,2.0,1.8
2,1,H,2,1,H,13,5,6,3,2.375,3.0,2.75,2.42,3.2,2.65,2.1,3.1,3.0,2.2,3.2,2.8,2.25,3.25,2.75,2.375,3.2,2.625,2.5,2.8,2.75,1.9,1.8,2.0,1.8
1,2,A,1,1,D,8,17,4,12,2.5,3.4,2.375,2.52,3.35,2.45,,,,2.375,3.5,2.375,2.5,3.4,2.38,2.5,3.4,2.375,2.6,3.4,2.25,1.7,2.0,1.66,2.15
3,1,H,1,1,D,11,18,5,6,1.833,3.25,3.75,1.83,3.35,3.85,,,,1.8,3.25,3.75,1.8,3.4,3.75,1.8,3.4,3.75,1.8,3.3,3.75,1.75,1.95,1.8,2.0
0,1,A,0,1,A,17,6,7,3,1.615,3.4,5.0,1.65,3.5,4.75,,,,1.615,3.5,4.5,1.53,3.5,5.5,1.615,3.4,5.0,1.61,3.5,4.5,1.7,2.0,1.75,2.05
0,4,A,0,2,A,7,20,3,13,5.0,3.4,1.615,4.75,3.6,1.63,,,,4.0,3.4,1.727,5.0,3.4,1.62,4.5,3.6,1.615,4.2,3.5,1.66,1.7,2.0,1.75,2.05
0,4,A,0,2,A,11,13,7,9,2.5,3.5,2.3,2.6,3.3,2.4,,,,3.0,3.2,2.1,2.63,3.4,2.25,2.6,3.4,2.3,2.62,3.5,2.2,1.8,1.9,1.85,1.95
2,2,D,0,1,A,8,14,3,9,4.0,3.5,1.727,3.85,3.4,1.82,,,,3.5,3.2,1.909,3.75,3.4,1.8,3.75,3.4,1.8,3.75,3.3,1.8,1.75,1.95,1.8,2.0
